ID,NumWebPurchases,NumCatalogPurchases,NumStorePurchases,NumWebVisitsMonth
5524,8,10,4,7
2174,1,1,2,5
4141,8,2,10,4
6182,2,0,4,6
5324,5,3,6,5
7446,6,4,10,6
965,7,3,7,6
6177,4,0,4,8
4855,3,0,2,9
5899,1,0,0,20
1994,1,0,2,7
387,2,0,3,8
2125,3,4,8,2
8180,6,1,5,6
2569,1,0,3,8
2114,7,6,12,3
9736,3,0,3,8
4939,4,1,6,7
6565,11,4,9,5
2278,2,1,3,6
9360,4,2,5,8
5376,0,28,0,1
1993,2,3,9,8
4047,6,2,9,4
1409,7,1,5,8
7892,2,1,3,7
2404,5,1,4,7
5255,27,0,0,1
9422,2,1,4,3
1966,6,9,10,2
6864,3,0,3,5
3033,2,5,3,3
5710,2,1,4,5
7373,4,1,6,6
8755,3,5,9,7
10738,2,0,3,7
4339,5,6,12,2
10755,3,1,2,7
8595,1,1,3,5
2968,7,10,5,6
8601,8,6,5,4
503,2,0,3,8
8430,0,0,3,5
7281,1,3,4,2
2139,2,0,3,5
1371,2,4,9,1
9909,3,1,3,9
7286,2,0,2,10
7244,2,1,4,6
6566,5,2,12,8
8614,4,2,10,2
4114,6,9,13,3
1331,2,0,3,7
2225,4,9,7,1
9381,4,2,10,3
6260,3,10,13,1
10383,5,5,10,3
7437,1,0,4,3
8557,2,0,3,6
8375,8,2,6,7
6853,3,6,11,1
3076,4,2,12,3
1012,8,2,10,7
6518,7,3,8,5
4137,7,4,4,4
8082,1,1,2,7
1386,1,0,2,7
9369,11,10,10,5
4477,5,2,10,4
1357,2,5,5,5
1402,4,8,6,3
10629,3,0,3,8
6312,10,3,13,7
8132,9,2,8,7
1050,2,1,4,2
5846,1,0,2,6
1859,7,6,5,5
7503,5,8,9,4
10401,0,0,3,3
1618,10,1,8,8
3332,3,1,4,8
2261,1,0,2,7
5346,3,0,3,7
4119,2,5,3,3
535,3,10,13,1
5268,1,0,4,7
273,3,1,4,7
4452,6,1,6,7
8504,5,6,7,2
771,2,2,5,2
8996,7,2,8,9
9235,1,0,2,7
5798,2,4,8,1
11178,1,0,3,7
2230,3,1,3,5
7516,2,0,3,6
7247,7,4,6,6
11100,2,0,3,7
4646,5,7,12,2
3037,5,2,7,5
1473,2,0,3,8
1016,2,0,3,6
4518,9,5,11,5
9370,6,3,6,4
8908,3,11,5,1
8373,1,0,3,5
7533,4,1,4,7
2683,6,4,12,6
3629,3,1,3,7
10991,5,4,4,2
5077,6,6,11,3
7431,7,4,5,9
3267,8,1,8,6
999,6,7,11,3
9215,6,4,6,7
2286,2,1,3,6
1592,4,6,5,1
367,9,1,5,9
5234,1,1,3,5
9862,2,0,3,6
9805,6,2,10,4
6205,2,1,3,5
8442,1,0,3,7
7386,1,0,3,7
7215,6,8,13,2
1491,3,4,7,1
11071,3,6,6,1
3381,2,0,4,6
8268,6,1,7,6
11051,6,3,10,4
8026,5,4,5,5
433,11,1,6,8
9597,7,2,9,4
1295,6,5,7,4
5290,5,1,5,8
1685,4,5,13,3
5342,1,0,3,8
9579,2,2,2,8
7660,1,1,2,5
1461,2,0,3,7
821,5,4,12,2
11084,3,5,7,7
8690,5,7,10,2
2937,8,5,9,6
9701,4,2,3,7
9949,3,3,6,8
10837,2,0,3,6
3120,1,0,2,8
5885,4,1,4,8
4050,2,1,4,3
3830,4,4,7,3
7987,8,1,6,6
7798,7,1,5,7
92,3,0,4,6
7055,8,5,11,5
10240,10,4,6,4
3025,6,1,5,7
9283,0,0,3,4
9970,1,1,6,2
2730,3,4,10,1
2795,1,0,2,7
9260,10,6,9,6
8182,3,0,4,8
10095,5,4,10,2
8475,0,22,0,0
4370,2,0,4,6
10573,6,7,4,3
3712,3,2,6,4
6637,3,4,7,1
3152,2,1,3,5
5610,1,0,3,7
6460,2,0,3,8
1349,3,1,3,6
1880,2,1,3,5
641,2,2,2,4
8717,11,8,8,5
10314,9,10,5,4
10854,2,0,3,7
10492,0,0,3,2
6935,5,7,12,2
7698,4,1,4,5
3559,2,1,3,6
10562,6,4,13,2
10796,1,1,3,6
2563,2,0,3,6
3518,1,1,2,9
5823,1,0,4,5
3934,7,1,8,5
6982,4,10,9,2
6431,2,0,3,7
9733,1,1,2,6
5602,8,7,12,3
7829,2,1,2,5
1324,3,0,3,8
326,5,1,6,6
7224,1,1,2,8
6999,7,3,12,3
9938,4,6,6,2
6422,5,6,5,2
3182,5,1,3,8
7300,8,1,7,5
10424,4,4,9,1
8727,11,6,9,6
2798,7,9,10,4
1030,1,0,3,7
624,0,1,2,6
5176,1,0,3,9
5552,4,2,5,6
868,2,0,3,6
380,11,4,9,8
2677,3,1,6,4
6521,4,6,9,1
6927,5,1,5,8
2877,7,1,8,7
0,3,4,9,1
1584,8,1,5,8
7264,1,0,2,8
6274,8,10,6,3
1377,4,1,5,7
454,11,4,11,6
1755,1,1,4,3
2075,3,5,7,1
4785,6,3,11,3
9076,4,1,4,8
7079,9,6,12,6
4653,3,1,4,8
7375,8,2,4,8
709,2,2,11,8
460,3,5,8,2
3726,1,0,2,8
6798,5,1,8,7
5341,6,3,4,7
1606,1,0,2,8
9617,1,0,3,3
3233,7,8,11,5
89,2,0,4,6
2936,1,0,3,7
9449,5,2,11,3
7297,3,1,3,7
11004,1,0,2,4
313,6,5,10,3
9940,6,4,4,3
10735,2,0,2,9
9529,3,9,9,2
6439,11,5,8,7
7411,1,0,3,6
2176,5,3,6,6
9265,9,4,6,5
8867,4,10,5,3
8932,9,6,6,6
10236,2,0,3,8
6340,1,0,3,6
10089,6,9,13,2
2227,3,1,5,6
10992,4,6,11,8
5304,1,0,3,6
309,8,3,5,6
3406,3,2,7,3
2661,2,0,4,5
3153,1,0,2,8
10264,1,1,2,7
1184,10,2,10,5
4200,4,1,6,5
9396,1,0,2,9
2387,5,2,4,8
6690,3,1,3,7
1225,3,7,8,1
9703,3,2,2,7
291,3,3,6,1
4557,2,2,2,6
2379,3,4,5,7
5726,3,0,4,5
3066,4,2,4,5
6336,2,0,4,6
10967,2,0,4,7
2304,6,3,12,4
3445,7,4,10,5
7828,3,3,5,1
3762,3,5,8,1
4391,9,3,9,6
4669,3,0,4,7
10144,8,2,4,8
8652,4,1,6,7
1672,5,1,8,2
8962,2,0,3,5
9974,3,1,2,7
10983,6,3,13,3
8148,6,2,12,5
10102,5,11,5,3
4697,7,1,5,8
9262,1,0,3,7
7254,3,1,3,7
4543,2,7,9,4
4927,3,0,3,9
10451,0,0,3,6
2926,3,6,11,8
2874,1,0,3,7
9738,3,0,3,8
7119,2,3,6,1
3924,8,3,12,5
5827,3,1,3,5
5596,9,2,9,6
10812,2,1,3,4
1717,5,1,4,8
9491,3,1,3,7
9274,6,7,9,2
6609,3,0,3,9
6963,2,5,10,1
4440,8,3,6,7
1379,4,2,4,4
10032,3,1,3,6
2826,2,0,3,7
2437,6,5,12,3
6320,6,6,10,3
3050,3,1,6,4
231,2,0,3,5
2392,3,0,3,7
9478,4,3,6,3
113,1,0,3,5
2863,2,3,10,7
1802,3,3,12,2
520,1,0,2,7
8275,1,0,2,7
9750,10,3,5,7
2607,8,2,8,8
7214,4,8,5,3
5835,2,0,4,8
3896,1,0,3,7
10350,1,0,3,4
7786,3,1,4,8
2861,1,0,2,8
663,1,1,3,4
10675,9,3,5,5
2521,1,1,2,7
9592,2,0,3,8
10151,4,5,12,3
7381,11,4,6,4
4099,1,0,3,8
9560,7,6,8,3
1150,4,6,4,1
10172,4,5,11,3
11191,2,1,4,6
9707,4,2,11,8
6245,3,5,8,3
8234,1,0,2,8
1411,2,9,4,1
8553,1,0,3,6
1826,4,4,6,1
8842,2,0,3,7
11030,1,0,2,6
2579,6,7,9,4
175,8,4,8,4
9185,4,6,5,3
11056,3,4,10,1
9365,11,3,5,6
6201,2,0,3,7
2061,2,0,4,6
6184,3,3,8,1
6142,5,3,5,2
4107,4,6,4,5
7274,4,7,10,2
9336,6,2,10,4
2958,2,1,4,4
933,1,0,2,9
5837,6,3,6,7
10704,6,2,9,4
5125,4,10,11,2
4432,2,0,3,7
5955,4,3,8,3
2928,2,4,8,8
5680,1,0,3,6
10313,5,1,4,8
2557,1,1,2,4
1245,4,3,12,8
1519,3,0,3,8
10703,3,2,2,8
1726,1,1,2,9
4459,1,0,3,8
1729,3,5,10,6
1517,1,0,3,7
2098,1,0,2,8
9543,0,0,3,7
6878,4,1,6,7
3310,4,1,4,8
2724,0,1,2,3
948,1,2,2,5
6720,7,3,4,7
6202,4,5,13,2
2066,2,1,3,6
9799,2,2,12,5
8318,5,6,8,1
5642,3,1,6,4
2669,5,4,6,2
455,4,1,4,6
7683,5,3,12,3
3428,4,9,10,2
7414,3,1,4,8
6354,1,1,2,8
798,1,0,3,7
8213,2,2,3,7
2488,2,1,3,6
9999,9,4,9,5
7617,2,1,5,5
615,5,1,4,7
2552,6,3,6,7
194,1,0,3,6
3645,2,0,4,8
8890,5,1,5,6
5049,3,0,2,9
9973,7,1,8,7
7301,3,0,3,8
10882,4,3,6,4
7030,11,9,12,6
7422,5,1,7,7
3523,5,4,8,3
7106,3,5,10,1
6504,2,1,3,5
5067,2,7,11,5
4216,7,9,9,3
8581,10,2,8,8
5929,2,0,3,7
3129,2,0,3,6
6528,1,0,2,8
1361,3,4,8,1
6932,7,10,5,2
7284,1,0,2,8
1340,6,7,13,1
8746,2,5,10,6
5987,1,0,4,5
3767,5,5,12,3
3725,2,4,9,4
4324,8,1,7,8
238,9,6,9,7
6694,8,3,13,4
498,1,0,4,5
9347,1,0,3,5
9699,6,2,12,5
10664,9,1,5,8
5455,2,1,4,7
456,2,0,3,8
5012,1,0,3,8
7495,2,1,5,4
5029,0,0,3,5
10642,1,0,3,8
2106,1,0,3,8
10364,1,0,2,8
5954,5,0,4,8
1137,4,5,7,1
2541,2,0,3,8
1142,3,2,9,3
2276,4,7,11,3
2807,8,9,7,7
6471,2,0,4,5
6131,4,2,8,3
6233,9,5,10,7
4148,5,1,6,8
4947,7,7,9,4
3225,4,1,5,6
7540,2,1,8,2
10648,5,7,6,3
1992,2,2,8,7
7851,3,7,11,1
8594,3,1,3,6
7059,3,7,8,1
2815,4,0,3,7
2416,2,8,9,1
7999,5,6,5,2
9213,1,0,2,8
9697,7,2,8,6
3916,7,3,12,7
2021,6,10,13,4
1581,1,0,2,8
564,8,6,9,6
6619,1,0,3,7
9081,1,1,2,5
178,8,3,11,5
916,1,0,3,3
5512,7,1,8,5
8970,6,2,7,5
10581,7,3,4,8
5300,2,1,2,7
5154,2,0,3,6
8346,6,2,2,9
1676,4,2,5,5
9286,5,9,4,3
2426,5,10,13,3
5172,3,5,7,7
5562,7,2,10,6
3436,1,0,3,7
3921,4,1,4,8
3403,2,5,12,6
22,6,1,5,8
10965,3,5,13,6
9426,2,6,3,8
6605,9,4,6,7
3136,5,3,11,5
8737,2,0,3,3
11088,4,9,4,6
716,6,7,11,3
466,4,3,13,2
9135,1,1,2,8
10623,1,0,3,5
8151,4,1,3,8
5140,4,3,12,8
10160,1,0,3,5
4945,10,4,12,6
10584,5,10,8,3
6071,3,7,11,1
3386,2,1,4,7
8939,5,2,12,5
9925,4,2,3,7
4320,6,4,12,3
5389,6,2,5,7
6036,5,6,7,1
182,6,2,5,8
203,5,7,9,2
11025,3,1,3,8
10203,1,0,3,7
4607,4,5,7,2
3711,6,3,10,3
3696,2,0,3,7
2532,2,4,6,5
9214,5,1,6,5
4943,2,4,9,6
35,2,2,3,6
2258,1,0,3,8
4322,4,5,10,2
713,4,4,6,3
4702,4,8,4,8
3281,4,1,8,6
702,4,3,8,5
2004,4,7,5,1
4769,8,2,6,7
4437,3,2,5,4
8724,2,0,3,6
10741,6,1,5,7
1991,2,1,3,5
6931,8,3,4,4
11096,2,1,7,2
304,3,0,3,7
3665,3,0,3,8
10591,4,1,4,7
5036,4,5,3,6
5547,7,6,6,3
7822,4,6,8,3
8541,2,0,4,5
10955,3,6,4,1
4368,3,0,4,6
9671,3,1,2,8
2256,1,0,3,6
4279,1,1,3,3
5371,3,1,2,7
9240,6,2,8,6
9460,3,2,2,8
9504,3,8,13,1
8692,4,1,5,8
448,6,2,11,5
8314,5,6,7,2
8420,2,0,4,5
3174,5,10,4,6
7685,2,0,4,5
3179,6,6,7,2
9780,8,3,13,4
10681,6,3,12,4
10232,3,2,7,3
4184,3,2,5,4
9120,4,2,9,8
891,1,0,2,5
10381,1,0,2,6
3525,1,0,2,7
6818,5,1,5,6
3526,1,0,3,7
8181,4,1,3,8
1029,5,1,5,5
7369,2,0,3,8
2574,6,4,8,5
8159,4,1,3,7
1160,3,0,3,8
10242,2,0,4,5
5253,4,2,4,7
5966,3,1,6,6
5314,7,1,5,8
5081,1,0,3,8
5123,2,1,3,7
5756,2,0,3,6
8036,2,1,4,4
9058,5,11,5,3
5057,4,4,10,2
254,7,1,7,7
4179,1,1,3,4
3710,2,1,2,7
7627,5,11,5,2
4501,3,7,9,1
6424,1,0,3,4
3075,3,4,7,1
4992,3,1,2,7
5252,2,0,3,7
7444,1,0,3,8
6919,2,1,3,6
3537,3,0,4,8
10277,1,0,3,7
2453,5,3,12,5
7972,3,4,9,1
895,5,2,10,5
1177,3,1,3,7
7141,5,1,2,10
7232,1,1,3,5
8477,1,0,3,7
2457,1,0,3,7
988,6,4,7,3
7930,3,1,6,6
4587,3,1,7,3
6682,1,0,3,8
6222,2,0,3,7
10299,6,3,13,5
3083,6,2,5,7
8953,1,0,3,8
1503,0,0,1,1
8650,1,0,3,4
10862,1,2,9,2
2782,6,1,7,6
6941,2,1,2,7
10972,4,3,6,1
10708,1,0,3,7
6583,6,8,6,3
3641,2,0,3,6
10156,8,4,7,3
4299,11,11,5,7
3469,3,0,3,9
5063,4,1,4,9
10727,7,3,13,8
9624,3,4,6,1
5156,6,3,12,4
4376,2,1,3,7
8923,6,7,7,3
8461,1,0,2,7
6945,9,11,11,5
944,4,2,7,4
1907,8,4,9,7
701,6,2,8,2
3856,4,5,13,2
4149,5,9,6,2
2131,9,4,6,6
2942,5,4,4,5
1173,4,2,6,2
4381,3,1,6,6
4611,9,8,13,3
3376,3,1,6,4
4679,7,6,12,4
10928,7,1,7,5
4248,4,6,9,1
6728,1,0,3,9
6661,9,6,12,6
4725,1,1,4,2
3277,7,1,5,8
5555,0,0,0,0
2564,3,1,4,6
946,3,1,5,6
3867,9,3,13,4
6940,3,2,3,6
55,7,2,9,6
7093,0,0,3,7
5084,6,4,13,4
1777,2,0,3,8
8162,1,0,3,6
10826,1,1,2,8
8754,1,0,2,7
1987,2,0,3,6
11007,1,0,3,8
7426,3,1,5,3
9153,7,8,10,5
10379,5,2,9,6
9204,4,3,6,3
3197,6,4,8,4
2920,2,4,8,8
6961,1,0,2,8
4673,10,3,5,5
9937,2,2,12,1
8779,4,1,3,9
9596,3,3,13,2
2891,8,9,4,6
4910,11,5,13,7
75,8,1,5,8
10120,3,1,6,5
6327,2,8,6,1
10142,5,2,11,4
9826,5,6,10,2
1501,0,28,1,0
10767,3,5,12,1
7279,4,6,4,2
7230,4,5,7,6
143,5,3,4,2
450,1,4,4,3
9316,1,0,3,6
6379,2,2,2,7
9239,2,1,4,3
8315,1,0,2,6
2868,2,0,3,8
10888,8,4,6,6
1277,10,7,10,4
9977,9,3,5,4
10196,8,2,8,4
6384,5,2,11,8
8029,3,4,7,1
968,4,1,4,7
6988,8,4,8,4
4472,1,1,3,2
6991,9,3,6,8
3336,2,4,5,7
4301,1,1,2,7
1940,1,0,2,8
1272,7,5,10,5
1388,2,1,3,6
1044,5,4,8,4
6969,4,1,5,7
10479,3,2,5,1
3619,5,3,8,2
1715,2,0,3,7
10159,11,5,9,6
1463,1,0,2,7
5114,5,4,5,4
4990,11,1,8,7
4329,1,0,3,7
10936,5,6,4,3
4692,4,1,2,9
7212,2,0,3,6
6086,6,5,12,2
437,3,8,11,1
11171,6,3,5,7
11101,11,6,8,4
5329,0,0,3,5
610,7,2,6,8
9384,4,2,10,3
5956,6,1,4,8
10430,4,3,4,5
7875,4,8,13,2
7072,8,5,4,4
6255,4,1,7,2
6516,1,0,2,7
5564,7,5,6,4
5682,6,9,11,5
7458,3,0,3,8
5237,2,1,3,5
7761,3,0,4,6
5278,6,9,5,3
3560,4,4,11,1
7235,2,0,4,5
10548,3,8,12,1
2281,1,0,2,7
4073,10,10,7,6
6974,6,10,5,2
7938,3,2,10,3
7094,6,4,13,4
3667,8,5,11,8
7723,8,6,6,3
3870,7,3,13,4
4012,7,6,5,6
5909,3,4,8,8
10470,2,1,3,4
6488,3,2,2,5
10270,3,0,3,7
6887,8,1,8,6
6406,6,4,10,3
7573,2,1,2,7
4508,2,11,5,1
221,3,2,4,6
5331,3,6,7,2
1911,11,5,12,6
20,2,1,4,4
8786,6,1,7,6
10582,5,2,12,2
1915,8,5,6,3
8897,7,3,7,8
2371,2,0,4,7
4303,0,0,1,20
6825,1,0,2,7
1072,2,1,3,6
4964,2,11,4,1
2461,1,0,3,3
10736,6,9,5,2
3194,4,4,10,1
10839,1,0,3,4
49,1,1,2,7
4290,1,0,2,7
10219,1,0,3,8
4211,2,0,3,7
1135,3,0,4,7
6299,6,8,4,7
10846,7,1,8,7
347,7,1,5,9
6543,3,6,4,2
10446,5,4,7,2
3479,2,0,3,7
11075,3,3,5,4
4442,1,1,5,3
199,4,1,7,7
6722,10,3,7,6
796,11,4,8,8
3749,6,5,12,3
8523,4,0,3,8
310,4,4,9,4
8629,1,0,3,5
236,2,1,4,6
9930,6,8,13,2
3483,2,8,12,8
4599,7,1,7,7
7326,1,1,3,2
7352,3,4,6,3
2350,3,2,8,8
9145,5,9,6,2
2964,1,1,2,6
5585,2,0,3,8
9687,5,4,6,2
3732,5,7,9,4
6303,5,5,12,1
11176,5,4,7,3
2986,1,0,2,6
7462,10,2,4,9
3900,9,2,9,5
7034,2,0,3,8
9493,5,4,8,3
1143,2,0,3,7
1,7,3,7,5
3855,3,2,2,8
5536,5,10,4,6
5989,10,2,11,8
9499,3,4,7,5
6768,1,0,3,8
2150,8,9,4,4
6646,1,0,3,6
4887,2,0,3,5
8560,6,4,7,6
3321,7,3,7,5
11003,2,0,3,7
10402,1,0,3,8
9904,6,5,12,3
6141,6,1,5,7
5687,7,7,12,3
10856,1,0,3,6
5121,7,6,5,5
4186,2,1,3,5
368,3,2,6,5
3312,3,0,4,6
11121,4,0,3,9
5332,3,6,7,1
5848,5,6,7,2
10343,3,6,8,3
5935,7,5,8,5
2895,3,1,5,5
10262,3,1,3,5
7848,5,3,3,6
9477,6,2,9,4
4856,7,7,10,3
7186,1,1,2,5
5794,7,1,7,8
1456,10,2,12,7
4877,1,0,3,7
425,6,2,11,5
3007,1,0,3,8
1031,6,9,10,2
4297,2,0,3,8
807,6,1,4,8
9553,0,0,3,6
4271,4,1,6,7
4120,6,1,4,7
2036,4,2,8,4
115,5,1,8,5
4259,1,0,2,7
8687,2,3,8,3
2447,2,0,3,7
10140,5,7,4,3
9353,5,5,4,3
3623,4,0,3,7
738,3,1,4,7
7631,5,7,10,3
4789,4,8,5,2
773,6,6,4,6
10602,3,0,4,8
1446,6,9,12,1
3270,3,1,3,9
8443,3,1,2,8
9653,2,0,3,8
8916,0,0,3,5
8017,2,0,3,6
5830,5,6,10,2
4597,3,2,13,1
7023,6,1,4,9
8086,2,0,3,7
8825,9,2,5,8
2930,2,6,10,5
1928,2,0,3,9
7108,5,2,5,5
10925,3,10,11,1
9960,1,0,2,7
8800,7,10,5,6
9224,8,10,5,6
5519,6,9,4,5
5046,10,6,7,4
7037,4,2,8,6
905,4,0,3,8
8624,4,3,10,2
8945,4,1,4,6
6445,4,5,6,2
2727,3,3,6,3
6404,4,1,6,5
11074,3,4,10,0
10150,7,4,7,2
1968,1,0,2,7
6534,2,0,3,5
9485,2,1,6,4
7053,3,10,8,1
4654,3,10,5,2
9760,10,5,10,8
1048,3,1,4,7
10619,7,3,7,3
9308,3,4,6,1
10505,3,4,7,2
8362,7,6,6,3
2625,3,2,7,3
4637,6,9,9,3
9972,1,0,3,7
4483,2,10,6,1
4487,2,0,4,6
4988,1,1,4,4
8931,11,4,10,5
5871,6,1,6,8
2008,4,5,9,2
3139,4,4,10,2
10037,5,4,6,2
10673,6,9,5,3
5303,6,4,9,2
538,1,1,4,3
7922,11,2,10,7
5692,1,0,3,8
4843,2,11,5,1
6383,3,0,3,8
1628,9,3,4,4
1204,11,5,11,8
3673,7,5,11,5
760,8,4,9,6
8957,6,3,5,6
4128,7,4,7,5
6810,3,2,6,1
5386,5,8,5,2
8700,2,1,3,7
3202,4,4,10,8
1328,4,4,9,3
8405,4,2,5,3
6515,2,0,3,4
2882,3,2,9,8
7574,2,0,3,4
6387,2,1,3,5
5320,3,1,4,6
5048,3,1,2,8
8146,1,1,2,6
10031,3,0,4,8
5748,5,2,6,5
2134,5,5,8,5
1523,2,0,4,5
9665,5,2,5,6
4640,4,7,13,2
3635,6,3,8,5
3547,2,0,3,6
2456,2,1,5,6
5633,3,1,6,5
7801,5,2,11,4
10489,6,7,9,2
7011,3,0,4,7
2620,1,0,2,8
3933,10,2,6,9
10981,3,4,10,1
1734,3,0,4,7
10995,3,0,4,8
6357,7,1,7,5
9209,4,6,13,2
10286,2,8,13,0
2611,2,4,12,1
1600,6,3,5,7
3308,2,0,4,4
5407,10,6,7,7
2166,0,1,2,4
3955,0,0,0,14
6634,2,0,3,7
3056,11,6,9,6
5718,5,11,6,3
6872,4,2,8,4
8164,5,6,7,2
4580,9,7,9,5
9305,4,9,13,2
453,2,0,3,5
8545,2,4,10,1
9850,0,0,3,7
7378,10,1,6,9
7646,5,3,12,4
1640,1,1,4,3
5184,1,0,2,6
8492,8,4,10,6
11188,2,1,3,5
1212,8,8,6,6
9097,3,1,8,4
10473,6,4,9,7
7962,4,3,4,1
9984,8,5,4,8
5527,2,0,3,8
6374,5,2,4,8
7453,3,8,4,4
8952,6,5,10,3
241,4,4,11,1
8975,3,1,2,8
6119,1,0,2,6
5236,10,2,8,5
5723,1,1,5,2
1710,6,1,4,9
1970,3,0,3,8
5313,2,0,4,5
10634,4,2,8,3
7010,6,6,7,3
8562,2,1,7,2
3158,1,0,3,8
4436,2,1,4,7
5287,3,1,3,7
2445,2,0,3,8
6059,11,3,4,7
4550,1,1,3,5
4240,2,1,2,8
8911,5,4,9,4
3706,2,2,2,7
3628,2,1,2,9
10175,1,0,3,4
8985,10,7,10,6
5204,8,8,5,3
9220,8,6,5,3
9888,4,4,7,2
5263,1,0,3,8
1020,5,6,7,2
9503,5,1,5,8
10613,3,0,4,4
67,2,0,4,7
6019,1,2,2,6
5863,6,3,8,5
3717,5,5,6,3
6730,2,0,3,8
10749,0,1,0,19
4998,4,5,4,2
6287,1,1,2,6
5985,2,1,4,7
4754,2,0,4,4
4002,7,7,12,3
8870,6,1,5,8
966,6,2,11,5
4767,6,6,7,3
9725,1,0,2,8
4475,7,8,9,5
5740,1,2,2,6
5731,1,0,3,7
7290,3,5,12,2
3846,6,1,4,8
8104,5,1,5,7
4507,6,7,8,3
11013,2,8,6,1
4491,3,4,10,8
3759,7,6,11,5
1162,5,2,11,5
2055,1,1,2,5
10766,4,4,8,2
4415,1,1,3,7
3005,4,10,8,1
2223,8,9,8,6
4817,1,0,2,8
2875,3,7,13,2
10536,3,0,3,8
11112,5,6,8,3
3807,9,2,9,6
9197,2,0,3,5
10832,6,1,6,6
6421,4,7,9,1
4207,6,7,11,2
577,1,0,3,7
10855,4,1,8,5
3081,1,0,2,7
3535,4,3,5,2
247,7,2,4,9
8707,5,6,4,3
9523,0,0,3,4
6072,5,8,6,3
6295,11,6,5,8
10914,1,0,3,4
1509,9,9,4,5
5577,1,0,2,6
7348,4,7,5,2
1127,6,6,7,2
1833,2,1,4,5
4944,4,5,7,2
9080,3,0,3,8
6466,2,1,4,3
9964,4,2,8,4
4790,4,3,5,1
10245,3,3,8,1
1109,1,0,2,7
6001,5,8,10,5
5538,4,7,6,1
10552,4,1,7,5
1545,7,2,5,8
7409,4,1,6,5
4444,2,0,3,8
146,4,5,11,2
6271,2,0,3,5
10065,2,0,4,5
4741,6,2,9,5
246,4,1,7,4
375,2,2,11,1
1524,8,2,5,5
10022,1,0,2,5
7451,4,6,9,1
11010,3,0,3,8
4356,3,3,5,6
3885,1,1,2,8
1175,3,5,3,6
880,2,1,2,8
2320,11,1,6,9
850,6,5,9,3
4713,2,1,4,7
675,4,2,5,7
5025,2,1,4,3
2308,6,1,5,7
5995,6,2,5,8
6749,5,3,6,8
1010,1,1,3,3
8977,0,0,3,4
4756,7,6,11,4
3412,2,2,9,7
606,1,0,2,7
5961,1,0,3,5
2975,6,7,9,3
2894,7,5,8,4
7613,5,1,6,6
10542,3,0,3,9
8015,4,6,9,1
10617,3,0,3,5
11166,6,2,4,7
849,6,2,10,4
523,2,0,4,5
4066,2,1,2,6
8414,2,0,4,7
819,6,5,13,3
4961,2,1,4,4
749,3,1,3,6
5430,9,2,8,8
7755,9,1,4,8
10525,1,0,2,9
1453,9,3,13,6
8310,10,4,7,6
10710,1,0,2,8
5031,5,9,11,2
2613,1,3,6,1
213,2,1,3,7
967,5,2,9,7
1077,7,3,4,4
7959,3,2,5,1
640,7,6,10,5
4252,4,1,6,5
8432,9,2,8,8
6218,8,1,7,7
6905,6,4,10,2
5922,4,1,5,7
3598,4,2,12,4
6116,1,1,3,3
6263,2,0,4,8
10486,4,4,8,2
2410,3,4,8,1
193,1,0,2,5
3363,1,0,3,8
8278,8,2,5,5
10660,8,2,4,7
8686,2,0,3,8
1604,2,2,6,5
5907,1,0,2,8
10669,3,2,10,3
2918,2,0,4,5
5735,3,4,10,1
359,8,2,6,7
8387,4,1,5,6
1829,9,5,4,7
3839,2,2,3,5
9392,1,0,2,7
2292,1,0,3,5
10466,1,0,4,4
9855,6,6,13,4
4088,3,1,4,8
5231,1,0,3,5
590,5,6,4,3
8732,7,4,10,4
2315,1,2,2,4
3515,4,0,4,5
2245,2,1,4,6
6283,9,3,9,6
2246,2,1,4,4
6606,5,2,10,8
5545,3,5,5,1
7342,6,6,12,5
837,2,1,5,4
9500,9,2,8,7
3602,3,2,4,4
234,1,1,2,7
2995,3,4,9,1
1118,10,4,5,8
7789,6,9,10,2
3068,2,0,3,7
8955,1,1,2,5
945,3,0,4,7
5644,5,1,7,7
7192,2,4,10,1
2324,7,11,11,4
697,5,9,6,3
3439,4,1,5,6
1506,2,1,4,6
232,4,2,10,3
8876,3,1,4,9
4500,4,9,10,2
9739,2,2,2,7
10395,3,1,3,8
1176,1,0,2,8
1627,5,7,9,4
938,2,1,2,8
2740,2,1,4,5
257,5,4,9,3
4058,11,2,8,6
7736,2,1,2,5
8210,4,1,8,4
833,3,0,3,7
6230,5,0,4,8
7325,1,0,3,5
1307,3,0,4,4
1502,2,0,3,8
6211,1,0,3,6
843,8,2,11,6
4174,2,1,4,3
9757,5,6,12,2
6918,1,0,3,8
286,2,1,5,6
11086,1,0,3,7
1921,2,0,3,4
4138,5,10,7,1
7718,1,3,5,1
1291,6,2,4,8
6862,0,0,0,20
4136,3,2,2,9
803,0,1,2,5
4298,1,0,2,8
10833,8,3,13,6
9606,4,2,6,3
8534,6,5,13,4
5153,11,10,11,6
961,7,3,5,4
5011,8,9,4,6
6653,7,2,5,7
9094,7,4,3,6
810,4,2,11,2
5493,1,0,2,6
2147,4,7,11,2
5107,1,1,2,5
3979,6,2,8,2
6049,7,8,11,3
8147,2,0,3,8
1857,2,1,2,7
3910,4,7,6,1
5207,9,4,6,8
11114,2,1,3,7
5429,4,1,4,6
9400,6,6,6,2
1740,7,3,4,4
7488,5,3,13,3
195,5,1,4,8
635,9,1,7,8
7527,2,1,3,8
10319,3,4,11,8
2296,1,0,2,6
10637,3,0,3,7
2931,6,7,9,3
907,5,1,7,5
3698,4,6,8,2
9516,9,7,10,7
679,1,0,3,9
7384,7,1,7,8
5043,4,2,5,7
5267,1,0,3,7
339,9,2,5,7
2516,1,2,2,4
9010,5,7,10,2
378,7,2,10,6
4808,1,0,2,7
5068,2,0,2,9
7628,2,0,4,5
7128,1,0,2,7
2811,1,0,4,4
3551,2,1,5,2
1663,2,0,2,9
5543,7,2,11,5
1577,4,6,4,1
10641,2,1,3,6
5336,1,0,1,1
6024,5,8,5,2
1878,2,0,3,7
3099,5,2,4,9
6055,5,5,8,3
5841,10,3,8,7
3972,7,1,5,8
4394,5,5,12,2
5758,10,4,13,6
6658,11,2,12,6
4603,5,4,10,4
8427,7,5,10,4
10260,6,1,5,7
7143,4,7,10,2
8789,3,1,7,4
6197,3,0,3,9
4554,3,2,8,4
4937,1,0,3,7
1920,3,0,3,7
8749,1,1,2,4
1650,5,9,12,3
10377,6,1,5,6
9206,5,7,12,1
10971,7,2,3,9
6398,3,0,3,8
9212,6,3,13,7
7937,3,0,3,7
839,3,1,4,5
4246,1,0,1,17
158,8,3,5,4
4832,2,2,2,7
5621,6,1,5,9
1945,7,4,7,4
5147,4,9,13,1
2535,6,5,8,9
11039,5,2,4,5
9495,2,8,6,1
9635,3,1,3,6
2173,1,0,3,6
942,7,1,3,9
9386,5,1,6,6
5510,5,2,6,5
873,3,4,10,8
2253,1,0,4,6
5181,1,0,2,9
979,2,1,3,6
10390,1,0,3,6
4698,5,2,7,5
7793,10,4,7,6
1745,4,6,9,1
10590,4,8,10,2
5080,6,6,4,2
8369,0,1,2,8
5232,4,1,5,4
2407,6,6,7,4
3834,8,2,11,5
7912,3,1,2,8
7712,6,2,10,4
1065,5,8,5,2
7275,2,1,4,6
1343,8,2,6,7
1384,2,1,2,8
9967,6,1,7,8
6181,8,7,11,6
10507,2,2,7,8
2674,6,3,6,3
2698,6,3,5,6
3231,1,0,3,8
4096,4,1,4,7
10476,3,2,5,2
5948,4,1,5,5
9140,2,0,4,6
10258,1,0,3,8
5675,4,5,7,6
4743,8,4,11,6
8805,7,2,4,8
1542,4,2,8,5
6770,2,1,2,6
8773,5,1,6,7
10475,4,2,6,5
10420,4,2,3,7
7514,3,1,4,6
2902,1,0,3,5
4345,1,0,2,7
793,2,0,3,9
10909,5,10,5,1
3769,1,0,3,7
8702,1,0,3,7
4791,1,0,3,8
2963,8,6,6,3
8216,4,4,3,5
8140,2,1,4,4
10146,1,0,3,7
5289,1,1,2,4
2587,2,0,3,5
4405,6,3,12,5
8663,1,0,2,6
2589,2,1,3,6
3421,9,3,9,6
10490,6,2,4,7
4094,5,1,5,6
9958,9,2,9,5
2534,4,1,3,7
4188,5,2,4,8
6613,8,4,8,8
10827,3,0,4,9
5491,6,1,5,7
8402,7,5,8,4
8783,4,2,9,3
10010,3,2,2,9
618,7,2,12,4
9121,5,3,6,6
361,1,0,2,7
4310,5,10,5,1
2678,5,0,3,9
6376,4,3,8,4
524,2,1,2,8
10341,2,2,5,2
5654,2,0,3,6
4098,2,0,4,6
5824,1,0,2,6
7000,2,10,10,1
2561,4,3,12,8
5229,1,0,3,7
4086,1,1,2,8
2428,2,0,4,7
8254,1,0,2,8
2836,1,0,2,8
8418,2,0,3,7
1362,6,1,6,7
7152,1,0,3,7
10033,1,0,3,6
9349,6,5,11,2
274,2,0,3,6
3388,6,1,5,7
922,1,1,2,8
8588,5,1,5,6
2518,0,1,2,7
574,1,1,4,2
3220,3,0,4,8
5967,2,1,3,8
1183,1,0,2,6
6856,3,0,3,9
4530,3,7,10,3
1553,7,5,10,4
4682,2,2,8,1
8204,4,4,9,2
5221,10,7,5,8
1232,4,4,8,2
1927,4,4,5,2
5788,3,2,4,5
6652,3,4,9,1
6246,3,11,8,1
5975,2,0,3,7
6875,7,3,5,8
4399,4,4,7,2
4042,4,0,4,8
2157,2,0,4,6
10133,6,7,12,2
2525,5,2,9,6
8233,7,3,7,5
9483,4,6,8,3
2945,1,0,3,7
10403,3,0,3,7
5074,1,0,3,7
10524,2,11,5,2
4690,8,1,8,8
7521,4,4,11,1
7196,0,0,3,3
4406,9,4,8,5
9672,1,1,3,6
4864,4,1,3,8
4706,1,0,3,5
4070,8,5,4,7
25,6,6,7,4
3697,3,0,4,7
217,7,5,10,4
4220,2,1,3,3
5286,3,2,4,3
9559,7,5,13,5
2849,10,2,12,7
7787,5,3,12,5
3102,1,0,3,8
5868,1,0,3,7
8370,7,3,6,4
9988,6,3,13,4
2939,4,6,4,2
5529,8,2,5,7
9743,11,8,8,6
5763,6,2,5,6
3478,7,4,9,5
7494,6,1,4,8
1763,7,11,10,4
7250,7,2,9,6
2005,2,0,4,6
10770,4,7,13,2
6885,2,0,3,7
2072,4,2,9,9
9463,9,5,7,5
6318,9,7,13,4
4093,4,3,5,5
5751,1,0,3,6
3340,7,1,6,8
3594,8,2,9,8
3584,5,10,5,8
3643,4,3,6,2
851,5,2,10,6
7706,11,8,5,8
3967,2,8,13,1
10128,5,5,12,5
486,3,4,10,1
9,3,2,2,8
9451,10,4,9,7
9264,4,8,9,2
3865,3,1,2,8
2853,4,2,4,5
1490,10,3,8,8
6310,2,0,4,5
10380,3,0,3,8
3887,2,0,3,9
4278,10,2,6,3
8643,4,5,12,3
1998,2,1,3,6
10795,2,0,3,7
11110,0,0,0,14
2408,7,4,9,7
202,4,6,7,1
7998,2,2,2,7
830,4,6,4,3
3536,1,1,3,5
6050,6,3,13,9
125,5,1,5,7
3463,7,3,13,5
2804,3,2,2,8
3745,3,0,3,8
9771,5,1,5,9
451,1,1,2,8
10530,3,6,6,1
1079,3,4,9,8
8920,11,2,12,7
6678,3,0,4,7
3852,9,2,12,5
528,5,4,10,3
73,0,0,3,5
5589,9,2,10,7
10212,3,0,3,8
6365,2,0,3,6
5636,4,0,3,8
591,8,3,7,7
2217,0,0,3,6
2544,1,1,4,1
7725,4,4,7,1
8091,6,4,6,5
7321,4,5,4,2
5462,9,6,12,6
7791,1,0,3,7
955,4,2,4,8
4037,1,0,2,7
6642,2,1,4,6
2793,7,3,13,5
5424,3,0,4,8
879,7,1,7,7
9530,1,0,2,8
4828,5,10,5,1
10699,3,0,3,8
1497,6,3,5,5
7476,5,4,10,4
4390,5,4,12,2
10478,11,1,6,9
1081,6,3,5,4
4261,7,6,12,3
9916,2,0,3,8
5350,3,4,10,1
8135,1,0,3,7
8685,7,1,6,8
4967,5,1,5,8
2130,3,1,3,6
9298,4,5,8,1
8175,2,1,4,7
6257,7,2,7,7
3790,1,0,2,6
9952,4,7,5,1
3503,5,3,6,1
5223,2,1,3,4
4608,3,10,13,1
1626,1,1,2,5
4764,3,1,4,7
2471,3,2,6,2
5892,3,2,5,7
2612,7,5,12,3
4971,3,1,4,8
5185,4,3,5,2
10069,2,0,2,9
2262,6,1,5,7
1131,2,0,4,3
1041,7,1,6,8
24,3,0,4,7
3409,7,1,4,9
7022,2,5,13,6
7943,1,1,3,2
5272,8,5,3,7
5453,4,7,12,2
2565,4,5,10,3
800,1,0,3,4
11092,2,0,3,7
5062,2,0,2,8
8969,5,5,11,3
4656,10,5,4,9
4480,7,2,5,6
9971,4,4,8,2
6729,4,5,11,3
1773,2,0,3,9
9242,6,3,9,4
1764,5,1,5,8
6215,1,1,2,8
10099,5,3,13,4
5423,1,0,2,7
940,3,2,7,3
3011,4,1,5,4
3298,9,6,9,8
8286,3,0,4,7
9668,2,0,4,8
5120,5,7,6,3
6097,8,1,6,9
7019,3,1,5,4
7408,5,1,4,7
8041,3,2,10,9
252,6,2,8,6
9986,4,1,2,7
3276,3,0,3,7
3859,9,3,13,4
3570,4,1,5,5
3783,2,1,4,5
10207,1,0,2,8
10906,4,6,4,5
3427,11,2,7,8
5209,8,2,7,7
10711,3,6,12,1
10785,2,0,3,5
2814,1,0,3,7
6866,1,0,3,5
1665,2,5,6,5
6575,9,1,7,9
3829,1,0,3,5
3091,7,5,8,4
10141,0,0,3,4
5177,6,2,6,6
7005,5,3,12,2
6409,7,5,7,6
7485,2,1,4,4
8079,2,1,3,3
8395,3,6,12,6
10352,3,1,2,9
4931,0,28,0,1
13,1,0,3,6
1834,2,0,3,7
2285,5,2,5,7
2295,5,3,13,3
1378,7,4,6,6
2781,4,6,6,2
1165,6,2,7,6
1404,5,1,3,9
6457,6,4,12,4
2639,3,1,2,6
8299,1,1,3,4
6437,2,0,3,7
6912,6,3,12,4
7327,1,1,4,2
5299,7,3,13,8
4127,11,10,11,6
8143,4,2,5,7
1964,5,6,6,2
3690,7,4,10,6
3433,6,8,6,3
3389,8,9,13,5
4712,1,1,4,4
1170,5,1,4,8
6347,1,0,3,8
4065,5,1,8,7
8230,2,0,3,7
1215,5,10,7,3
5939,3,1,3,5
2156,2,0,4,5
7788,0,0,3,3
10323,4,2,5,5
7947,1,0,3,5
1891,4,6,5,2
2570,10,4,7,8
9256,8,3,12,6
295,3,7,11,1
7397,7,2,9,7
6349,8,4,6,5
10790,1,0,2,8
10398,1,0,2,7
2431,2,0,3,8
550,3,3,13,2
1890,1,0,2,7
10742,4,2,5,1
10356,1,0,3,7
4676,9,6,8,5
8852,8,4,11,6
3565,3,0,3,7
5294,3,0,4,7
1958,8,2,9,5
7349,3,1,3,8
8799,3,1,4,7
1351,7,8,13,6
1045,5,2,4,7
7732,7,2,10,5
8070,3,3,5,3
477,4,7,10,1
7832,8,7,7,4
2202,1,0,4,5
7396,5,8,12,3
4055,3,0,3,6
10340,6,1,5,8
10091,6,3,6,5
7629,2,0,3,7
10640,4,1,4,7
3498,7,5,9,6
6742,1,0,2,8
1172,7,5,12,3
569,5,6,7,2
4686,6,5,13,2
1381,6,1,5,8
2634,2,1,3,6
10905,4,1,6,8
1744,1,1,2,6
1000,9,2,12,5
3828,7,6,13,4
8605,2,0,3,6
10304,1,1,2,8
4351,1,1,2,7
10129,3,5,12,1
2499,5,2,10,4
10092,7,10,5,5
7500,8,1,8,6
5796,4,5,13,1
10556,6,1,6,7
1064,1,0,3,8
48,4,1,3,6
7610,6,3,5,8
263,3,1,3,8
10814,6,5,13,4
9710,11,3,7,8
9292,4,11,7,2
10250,1,0,2,7
7881,6,4,13,2
5847,7,3,10,5
737,4,4,5,2
3571,8,3,5,6
7807,5,1,5,6
3878,1,0,3,7
5092,7,1,7,8
2154,2,0,3,7
5394,1,1,4,3
3798,2,1,3,6
3524,5,1,2,9
5247,1,0,4,4
5883,7,4,7,5
2118,7,2,8,4
8812,2,0,3,7
6616,3,3,8,2
2797,9,7,9,5
4328,2,1,3,6
9167,9,2,12,6
10560,1,0,3,5
2631,2,8,6,1
8312,2,0,3,6
5534,3,2,3,7
5093,3,0,3,9
7592,4,1,4,6
8895,3,5,12,2
8584,2,7,7,0
2694,1,0,3,6
8910,4,1,6,8
7433,3,1,4,8
164,5,1,5,8
10477,3,1,2,7
2681,2,3,13,1
5150,2,0,3,6
5283,2,1,4,5
9645,9,4,10,6
10678,11,2,10,7
7261,5,2,5,8
9648,5,1,4,8
2870,6,3,6,6
8008,2,0,4,6
1513,2,2,12,8
6173,6,6,11,3
1419,2,1,3,5
9150,1,0,4,4
7960,3,9,13,1
1250,2,1,3,6
9905,3,3,3,6
10691,1,1,2,6
7002,3,2,8,3
2952,3,0,3,6
8439,6,3,4,4
762,7,5,8,4
2831,7,7,10,3
6977,10,5,13,6
6289,3,1,4,5
4168,5,1,8,7
8397,1,1,2,7
9284,5,5,12,5
6237,23,1,1,0
3130,2,0,4,5
1619,4,6,6,1
1990,3,5,8,3
5513,1,0,3,8
269,4,4,7,9
8093,4,3,6,1
10513,2,3,6,7
10177,5,4,8,2
2549,1,0,3,9
5782,9,2,9,5
10057,5,7,9,7
10307,6,2,8,5
8566,1,0,2,7
2415,5,3,5,4
5684,2,0,3,7
8334,2,1,4,6
9166,4,4,12,2
1440,9,5,9,7
78,1,1,2,8
5441,5,2,6,5
5302,4,6,5,2
4687,3,11,9,1
1087,4,1,2,9
6859,4,0,3,9
9860,4,1,4,7
7129,6,4,13,6
5866,4,1,4,7
10521,2,1,5,4
7393,2,1,3,5
7849,2,9,13,1
332,4,1,6,6
9847,7,4,3,6
531,8,5,9,6
9576,4,0,4,9
6906,3,10,4,2
7419,2,0,3,6
3170,4,4,6,2
8527,6,2,6,7
7872,6,10,6,5
9931,0,0,0,19
10595,2,0,3,7
4609,8,1,6,6
5010,1,0,3,8
4427,5,10,12,6
11148,1,0,2,8
1168,4,6,10,2
9595,4,5,4,3
10163,8,4,7,4
2886,10,8,10,6
6710,2,0,4,6
5316,2,0,4,7
9029,2,8,12,1
521,8,1,7,7
1459,5,3,5,3
10241,1,0,2,6
1630,4,2,8,4
3254,5,4,4,2
9064,6,6,7,4
3678,8,3,7,7
4227,2,1,3,5
9467,1,0,3,6
8486,9,0,4,10
2186,5,10,6,2
3286,2,0,3,6
8602,7,6,11,4
3722,2,0,3,6
6715,6,2,11,6
4796,1,0,3,2
9612,1,0,3,7
3766,9,1,8,9
1399,3,7,9,1
1570,7,7,10,4
3426,5,5,13,8
3074,5,8,4,6
8341,1,1,2,7
5180,4,0,4,7
6461,5,6,11,2
7679,1,1,3,3
10702,7,1,7,7
7505,1,1,2,4
5113,5,5,5,2
10858,9,5,7,5
2961,6,3,4,6
2747,4,10,5,3
3010,4,7,8,1
5790,2,0,3,8
6892,10,4,6,8
1743,2,3,5,1
3578,3,1,6,6
8462,1,1,2,6
5558,4,6,4,1
4619,27,0,0,1
8780,3,5,8,3
10789,2,0,3,7
10779,1,0,3,7
5896,4,4,6,2
2337,3,0,3,6
10951,3,1,8,4
544,3,4,6,1
17,6,11,7,5
10680,3,0,3,7
3265,1,0,3,6
5623,1,1,2,7
5832,3,5,13,0
5544,7,8,5,5
6417,4,6,13,2
5831,5,5,5,8
7101,10,5,10,8
10176,4,4,8,8
2326,1,0,4,6
4385,3,0,3,6
2929,2,1,4,7
10686,1,0,2,7
2546,1,0,4,3
3283,6,2,12,3
3138,7,9,6,4
4994,7,5,13,3
7966,11,5,11,5
3112,1,0,3,5
10872,4,2,11,8
2181,3,3,7,2
1867,9,3,6,5
1518,9,3,7,7
5734,2,0,4,5
2878,4,2,7,3
1458,3,0,3,6
7007,3,1,2,7
6200,6,6,9,3
1403,1,0,3,7
4827,4,2,9,4
6250,11,2,8,8
9291,0,0,3,5
2478,1,0,4,4
1139,5,11,5,2
5138,1,0,3,8
5393,1,0,3,7
10413,4,6,12,1
5015,2,2,3,7
10868,3,4,10,3
10676,3,8,7,2
2495,4,7,10,1
7842,3,0,3,8
9955,3,0,4,7
6663,3,1,4,5
2162,3,3,10,3
3434,4,4,10,1
7919,10,4,8,8
5626,4,2,9,4
6428,1,8,7,0
8514,1,0,3,6
10448,5,3,5,7
2109,6,11,10,2
7530,2,1,4,4
8925,8,5,10,5
3009,5,3,6,6
6355,2,0,4,3
3517,3,1,3,9
1158,3,0,4,7
6203,6,7,12,3
7165,8,2,10,5
3595,6,8,12,3
8537,3,10,7,2
4331,3,6,11,1
6281,6,3,5,4
4338,1,0,3,4
2452,5,2,5,8
9507,6,3,5,7
8360,3,1,5,3
10311,25,0,0,1
5117,4,4,8,5
4867,3,0,4,7
9289,2,1,2,8
10913,1,0,2,8
3032,4,0,4,9
8524,3,0,3,9
3334,5,7,9,1
4470,2,1,4,4
1406,6,3,5,7
8619,0,0,3,5
10821,4,1,5,7
4552,3,5,3,4
898,3,0,4,8
9797,3,3,8,2
10949,5,5,8,3
8212,3,1,4,7
6248,9,7,11,3
10164,5,5,5,5
4547,1,0,3,8
6815,7,6,8,2
4122,6,5,4,4
10841,4,3,8,4
5370,7,1,6,8
176,4,1,6,3
4860,1,0,3,6
10757,1,0,2,6
4023,3,2,2,8
6679,0,0,3,3
9923,2,0,4,7
7181,2,0,3,8
3599,8,4,8,5
405,5,5,3,8
6870,3,1,7,2
832,8,2,10,5
2002,5,6,5,3
3657,4,0,4,8
500,7,7,9,2
1951,11,2,8,9
3262,2,9,13,5
4102,0,0,3,6
7042,2,1,2,9
10598,2,0,3,8
255,1,0,3,6
2375,0,0,3,8
9829,2,0,4,6
6214,2,0,3,6
4954,4,2,5,6
7861,8,3,6,4
4837,8,5,13,4
9423,2,0,4,5
4198,0,0,3,6
153,1,0,3,4
9323,10,5,7,8
10001,2,1,3,9
3945,11,8,4,6
3799,7,2,11,5
8625,3,0,3,8
3491,11,6,8,7
983,6,2,3,8
9119,3,3,7,2
4786,10,3,12,6
5872,4,4,10,3
6568,2,0,3,7
5628,10,3,10,6
5631,5,4,8,4
4974,4,6,9,7
8416,2,0,3,6
5454,2,0,3,5
4095,4,3,6,7
5474,4,1,4,6
4268,3,1,4,4
10701,7,8,12,4
3507,2,5,5,6
2079,5,6,10,1
626,1,0,3,4
4426,7,2,6,7
2591,6,3,4,2
10509,3,0,3,8
6382,1,0,3,4
6673,3,0,3,8
7441,2,10,12,7
1071,7,3,13,5
10061,9,2,12,7
7187,4,10,4,3
8775,3,1,3,7
1612,3,0,3,6
2345,4,4,8,2
322,2,0,3,4
10897,9,6,12,6
123,4,5,4,2
6103,2,1,3,4
7899,4,7,4,7
10500,3,0,4,5
1655,1,0,3,7
2406,6,2,8,5
2712,6,3,10,3
5517,1,1,2,8
10643,5,2,11,5
2254,9,6,5,5
10281,5,5,7,4
6958,1,1,2,6
954,2,1,3,5
5079,2,1,3,8
10339,4,1,4,6
4643,3,0,4,8
3117,6,1,5,7
6497,6,2,5,8
5396,9,7,13,4
5250,5,5,11,1
1052,8,9,7,7
2802,4,6,7,2
6343,6,9,7,2
6507,1,1,4,3
7901,0,0,3,4
4865,5,1,8,7
2686,1,0,2,7
3107,4,1,7,2
7734,4,10,7,1
1146,10,5,7,8
11031,1,0,3,5
7428,3,7,8,1
975,4,1,5,6
1103,4,4,10,6
3422,2,3,4,6
1055,1,0,3,4
6544,6,7,11,3
1241,1,0,3,9
2909,8,4,6,3
5802,2,0,4,6
1407,2,0,3,7
6183,2,1,4,4
340,7,2,8,5
5991,5,1,4,7
3104,5,3,12,2
9729,8,2,7,7
1008,7,3,13,6
11091,1,0,3,4
3969,2,2,2,5
1916,7,1,6,7
9907,6,8,10,4
87,2,0,3,7
8659,6,8,11,2
6262,3,10,8,2
6147,0,1,2,7
8832,3,0,4,7
10067,1,0,2,7
7532,3,0,4,8
4915,5,2,12,5
2115,1,0,4,5
2088,5,6,12,2
2493,7,1,8,5
6292,4,3,10,2
1631,8,4,7,6
10104,1,0,2,7
3006,1,0,3,7
3919,5,6,8,3
11181,0,0,0,0
642,2,1,2,8
4369,3,5,6,2
10127,8,2,4,7
271,3,4,3,6
4973,1,1,2,7
2948,2,2,5,2
2715,3,2,2,9
10432,1,0,3,8
9216,2,0,3,6
7124,2,1,4,5
9727,2,0,4,6
5136,9,4,8,6
9790,11,3,4,4
1818,2,0,2,9
1100,3,1,3,5
7873,4,1,7,5
10609,1,1,4,4
6950,2,0,3,7
7233,5,3,6,4
9481,3,1,3,8
7699,3,4,3,6
2711,1,0,3,7
8933,2,0,4,6
8726,3,1,4,6
1515,1,0,3,3
5186,7,4,9,6
10157,4,1,6,4
5667,9,10,4,6
902,6,2,4,6
977,5,1,8,6
7313,6,5,11,3
7600,1,0,3,7
9706,2,1,3,8
2429,5,4,8,2
3520,4,3,7,3
10394,4,8,5,1
4548,1,0,3,4
9362,9,1,7,6
3968,11,3,12,7
4084,6,4,11,4
6721,6,3,5,3
2829,9,3,8,6
1772,5,6,7,2
1544,4,2,10,2
492,7,1,6,8
4377,7,3,3,7
4541,3,1,6,5
1321,3,0,3,8
8858,8,2,7,8
3266,1,1,4,2
11187,2,1,3,5
8207,1,0,3,4
9723,7,4,13,5
2666,8,3,11,3
5721,7,10,6,2
10652,3,5,6,2
1646,1,1,3,3
4418,7,5,12,2
2656,1,1,2,7
7990,0,0,3,6
8722,7,7,10,3
7118,9,5,6,6
2980,3,0,3,8
1839,3,0,4,7
10722,6,6,3,6
2632,5,4,4,6
9014,3,0,3,8
7620,2,2,2,8
10968,8,8,6,6
11133,7,1,6,8
2736,5,5,11,2
1876,1,0,4,6
5959,3,1,5,8
1092,9,3,4,7
4333,2,1,3,7
3850,1,0,3,6
6168,1,1,2,4
607,8,1,7,8
10469,6,2,9,2
6983,2,0,3,7
3661,4,6,8,2
9303,1,0,0,13
692,1,0,2,6
736,2,0,3,8
9589,4,6,7,1
4838,1,0,2,8
9246,6,1,6,7
6261,3,2,10,4
7366,3,6,11,1
10659,3,2,2,7
1448,2,0,4,4
4286,7,6,6,4
4749,8,2,6,7
4478,11,1,6,8
4201,4,2,8,5
8720,0,0,1,0
10084,2,1,2,7
7004,3,1,2,9
9817,9,4,12,8
8080,0,0,3,4
9432,3,1,3,6
8372,1,0,2,7
10870,9,3,4,5
4001,8,2,5,7
7270,2,3,13,6
8235,6,5,10,3
9405,3,1,4,7
