ID,NumDealsPurchases,AcceptedCmp1,AcceptedCmp2,AcceptedCmp3,AcceptedCmp4,AcceptedCmp5,Response
5524,3,0,0,0,0,0,1
2174,2,0,0,0,0,0,0
4141,1,0,0,0,0,0,0
6182,2,0,0,0,0,0,0
5324,5,0,0,0,0,0,0
7446,2,0,0,0,0,0,0
965,4,0,0,0,0,0,0
6177,2,0,0,0,0,0,0
4855,1,0,0,0,0,0,1
5899,1,0,0,1,0,0,0
1994,1,0,0,0,0,0,0
387,1,0,0,0,0,0,0
2125,1,0,0,0,0,0,0
8180,3,0,0,0,0,0,0
2569,1,0,0,0,0,0,0
2114,1,1,0,0,0,1,1
9736,3,0,0,0,0,0,0
4939,2,0,0,0,0,0,0
6565,2,1,0,0,0,0,0
2278,2,0,0,0,0,0,0
9360,1,0,0,0,0,0,0
5376,15,0,0,0,0,0,0
1993,3,0,0,0,1,0,0
4047,3,0,0,0,0,0,0
1409,7,0,0,0,0,0,0
7892,2,0,0,0,0,0,0
2404,4,0,0,0,0,0,0
5255,0,0,0,0,0,0,0
9422,2,0,0,0,0,0,0
1966,1,0,0,0,0,1,0
6864,2,0,0,0,0,0,0
3033,1,0,0,0,0,0,0
5710,2,0,0,0,1,0,0
7373,6,0,0,0,0,0,1
8755,1,0,0,0,0,0,0
10738,1,0,0,0,0,0,0
4339,5,0,0,0,0,0,0
10755,3,0,0,0,0,0,0
8595,2,0,0,0,0,0,0
2968,2,0,0,1,0,0,1
8601,2,0,0,0,0,0,0
503,2,0,0,0,0,0,0
8430,1,0,0,0,0,0,0
7281,1,0,0,0,0,0,0
2139,3,0,0,0,0,0,0
1371,1,0,0,0,0,0,0
9909,3,0,0,0,0,0,1
7286,1,0,0,0,0,0,0
7244,3,0,0,0,0,0,0
6566,9,0,0,0,0,0,0
8614,1,0,0,0,0,0,0
4114,1,0,0,0,0,0,0
1331,2,0,0,0,0,0,0
2225,1,1,0,1,0,0,1
9381,7,0,0,0,0,0,0
6260,1,0,0,0,0,1,1
10383,1,0,0,0,0,0,1
7437,1,0,0,0,0,0,0
8557,2,0,0,0,0,0,0
8375,3,0,0,0,0,0,0
6853,1,0,0,0,1,1,1
3076,4,0,0,0,0,0,0
1012,4,0,0,0,0,0,0
6518,1,0,0,0,0,0,0
4137,1,0,0,0,0,0,0
8082,1,0,0,0,0,0,1
1386,1,0,0,0,0,0,0
9369,1,1,0,1,0,0,1
4477,1,0,0,0,0,0,0
1357,7,0,0,0,0,0,0
1402,3,0,0,0,0,0,0
10629,3,0,0,0,0,0,0
6312,4,0,0,0,0,0,0
8132,5,0,0,0,1,0,0
1050,1,0,0,0,0,0,0
5846,1,0,0,0,0,0,0
1859,1,0,0,0,0,0,1
7503,0,0,0,1,0,0,1
10401,1,0,0,0,0,0,0
1618,2,0,0,1,0,0,1
3332,4,0,0,0,0,0,0
2261,1,0,0,0,0,0,0
5346,3,0,0,0,0,0,0
4119,1,0,0,0,0,0,0
535,1,0,0,0,0,0,0
5268,2,0,0,0,0,0,0
273,5,0,0,0,1,0,0
4452,4,1,0,0,1,0,1
8504,1,0,0,0,0,1,0
771,1,0,0,0,0,0,0
8996,12,0,0,0,0,0,0
9235,1,0,0,0,0,0,0
5798,1,0,0,0,0,0,0
11178,1,0,0,0,0,0,0
2230,3,0,0,0,0,0,0
7516,1,0,0,0,0,0,0
7247,5,0,0,0,1,0,0
11100,2,0,0,0,0,0,0
4646,1,1,0,0,0,0,0
3037,2,0,0,0,0,0,0
1473,2,0,0,0,0,0,0
1016,2,0,0,0,0,0,0
4518,2,0,0,0,0,0,0
9370,1,0,0,0,0,0,0
8908,1,0,0,0,0,0,1
8373,1,0,0,0,0,0,0
7533,4,0,0,0,0,0,0
2683,4,0,0,0,0,0,0
3629,2,0,0,0,0,0,0
10991,1,0,0,0,0,0,0
5077,1,0,0,0,0,0,0
7431,1,0,0,0,1,0,1
3267,3,0,0,0,1,0,0
999,1,0,0,0,1,1,1
9215,5,0,0,0,0,0,0
2286,2,0,0,0,0,0,0
1592,0,1,0,0,0,1,0
367,5,0,0,0,0,0,0
5234,2,0,0,0,0,0,0
9862,2,0,0,0,0,0,0
9805,4,0,0,0,0,0,0
6205,3,0,0,0,0,0,1
8442,2,0,0,0,0,0,0
7386,1,0,0,0,0,0,0
7215,0,1,0,0,1,1,1
1491,2,0,0,0,0,0,0
11071,1,0,0,0,0,0,1
3381,2,0,0,0,0,0,0
8268,3,0,0,0,0,0,0
11051,4,0,0,0,0,0,0
8026,5,0,0,0,0,0,0
433,5,0,0,0,0,0,0
9597,1,0,0,0,0,0,0
1295,1,0,0,0,0,0,0
5290,5,0,0,0,0,0,0
1685,1,0,0,0,1,0,0
5342,2,0,0,0,0,0,0
9579,3,0,0,0,0,0,0
7660,2,0,0,1,0,0,1
1461,2,0,0,0,0,0,0
821,1,0,0,0,0,0,0
11084,2,0,0,0,0,0,1
8690,1,0,0,0,0,0,0
2937,3,0,0,0,0,0,0
9701,3,0,0,0,0,0,0
9949,3,0,0,0,0,0,0
10837,1,0,0,0,0,0,1
3120,1,0,0,0,0,0,0
5885,7,0,0,0,0,0,0
4050,1,0,0,0,0,0,0
3830,1,0,0,0,0,0,0
7987,4,0,0,0,1,0,0
7798,4,0,0,0,0,0,0
92,4,0,0,0,0,0,0
7055,2,0,0,0,0,0,0
10240,1,0,0,0,1,1,1
3025,3,0,0,0,0,0,0
9283,1,0,0,0,0,0,0
9970,1,0,0,0,0,0,0
2730,1,0,0,0,0,0,0
2795,1,0,0,0,0,0,0
9260,2,0,0,0,0,0,0
8182,4,0,0,0,0,0,0
10095,1,0,0,0,0,0,0
8475,15,0,0,0,0,0,0
4370,3,0,0,0,0,0,0
10573,1,0,0,1,0,0,0
3712,1,0,0,0,1,0,0
6637,1,0,0,0,0,0,0
3152,3,0,0,0,0,0,0
5610,2,0,0,0,0,0,0
6460,2,0,0,0,0,0,0
1349,1,0,0,0,0,0,0
1880,2,0,0,0,0,0,0
641,1,0,0,1,0,0,0
8717,1,0,0,0,0,0,0
10314,1,1,0,0,1,0,1
10854,2,0,0,0,0,0,0
10492,1,0,0,0,0,0,0
6935,1,1,0,0,0,0,0
7698,1,0,0,0,0,0,0
3559,3,0,0,0,0,0,0
10562,1,0,0,0,0,0,0
10796,1,0,0,0,0,0,0
2563,1,0,0,0,0,0,0
3518,1,0,0,0,0,0,0
5823,2,0,0,0,0,0,0
3934,2,0,0,0,0,0,0
6982,1,0,0,0,0,0,0
6431,2,0,0,0,0,0,0
9733,1,0,0,1,0,0,0
5602,1,0,0,0,0,0,0
7829,1,0,0,0,0,0,0
1324,2,0,0,0,0,0,0
326,4,0,0,0,0,0,0
7224,2,0,0,0,0,0,0
6999,1,0,0,0,0,0,0
9938,1,0,0,0,0,1,0
6422,1,0,0,0,0,0,0
3182,6,0,0,1,0,0,1
7300,3,0,0,0,1,0,0
10424,1,0,0,0,0,0,0
8727,3,0,0,0,0,0,0
2798,0,1,0,0,1,1,1
1030,2,0,0,0,0,0,0
624,1,0,0,1,0,0,1
5176,1,0,0,1,0,0,0
5552,6,0,0,0,0,0,0
868,1,0,0,0,0,0,0
380,5,0,0,1,0,0,1
2677,5,0,0,0,0,0,0
6521,1,0,0,0,0,0,0
6927,8,0,0,0,0,0,0
2877,10,0,0,0,0,0,0
0,1,0,0,0,0,0,0
1584,6,0,0,0,0,0,0
7264,1,0,0,0,0,0,0
6274,1,0,0,0,1,1,0
1377,2,0,0,0,0,0,0
454,2,0,0,0,0,0,0
1755,1,0,0,0,0,0,0
2075,1,0,0,0,0,0,0
4785,2,0,0,0,0,0,0
9076,4,0,0,0,0,0,0
7079,5,0,0,0,0,0,0
4653,4,0,0,0,0,0,0
7375,2,0,0,0,0,0,0
709,3,0,0,0,0,0,0
460,1,0,0,0,0,0,0
3726,1,0,0,0,0,0,0
6798,9,0,0,0,0,0,1
5341,1,0,0,0,0,1,0
1606,1,0,0,0,0,0,0
9617,1,0,0,0,0,0,0
3233,3,0,0,0,0,0,0
89,2,0,0,0,0,0,0
2936,1,0,0,0,0,0,0
9449,1,0,0,0,0,0,0
7297,4,0,0,0,0,0,0
11004,1,0,0,0,0,0,0
313,1,0,0,0,1,0,0
9940,2,0,0,0,0,0,0
10735,1,0,0,0,0,0,0
9529,1,1,0,0,0,0,1
6439,7,0,0,0,0,0,0
7411,2,0,0,0,0,0,0
2176,2,1,0,0,1,1,1
9265,2,0,0,0,0,0,0
8867,1,0,0,0,0,0,0
8932,4,0,0,0,0,0,0
10236,2,0,0,0,0,0,0
6340,2,0,0,0,0,0,0
10089,1,1,1,0,1,1,1
2227,2,0,0,0,0,0,0
10992,5,0,0,0,0,0,0
5304,2,0,0,0,0,0,0
309,3,0,0,0,1,0,0
3406,4,0,0,0,0,0,0
2661,4,0,0,0,0,0,0
3153,1,0,0,0,0,0,0
10264,2,0,0,1,0,0,1
1184,3,0,0,0,0,0,0
4200,4,0,0,0,0,0,0
9396,1,0,0,0,0,0,0
2387,6,0,0,0,0,0,1
6690,4,0,0,0,0,0,0
1225,1,0,0,1,0,0,0
9703,4,0,0,1,0,0,1
291,1,0,0,0,0,0,0
4557,2,0,0,0,0,0,0
2379,2,0,0,0,0,0,1
5726,3,0,0,0,0,0,0
3066,2,0,0,0,0,0,0
6336,4,0,0,0,0,0,0
10967,3,0,0,0,0,0,0
2304,2,0,0,0,0,0,0
3445,2,0,0,0,0,0,1
7828,1,0,0,0,0,0,0
3762,1,1,0,0,0,0,1
4391,1,0,0,0,0,0,0
4669,3,0,0,0,0,0,0
10144,2,0,0,0,0,0,0
8652,2,0,0,0,0,0,0
1672,1,0,0,0,0,0,0
8962,2,0,0,0,0,0,0
9974,1,0,0,0,0,0,0
10983,1,0,0,0,0,0,0
8148,13,0,0,0,0,0,0
10102,1,0,0,0,0,0,0
4697,3,0,0,0,0,0,0
9262,1,0,0,1,0,0,0
7254,3,0,0,0,0,0,0
4543,1,0,0,0,0,1,0
4927,3,0,0,0,0,0,0
10451,1,0,0,0,0,0,0
2926,3,0,1,0,1,0,0
2874,1,0,0,0,0,0,0
9738,1,0,0,0,0,0,0
7119,1,0,0,0,0,0,0
3924,5,0,0,0,1,0,0
5827,4,0,0,0,0,0,0
5596,1,0,0,0,0,0,0
10812,1,0,0,0,0,0,0
1717,3,0,0,0,0,0,0
9491,3,0,0,0,0,0,0
9274,1,1,0,0,0,0,0
6609,1,0,0,0,0,0,1
6963,1,0,0,0,0,1,0
4440,1,0,0,0,1,0,0
1379,1,0,0,0,0,0,0
10032,4,0,0,0,0,0,0
2826,2,0,0,0,0,0,0
2437,1,1,0,0,1,0,0
6320,1,0,0,0,0,0,0
3050,6,0,0,0,0,0,0
231,2,0,0,0,0,0,0
2392,2,0,0,0,0,0,0
9478,2,0,0,0,0,0,0
113,2,0,0,0,0,0,0
2863,6,1,0,0,1,0,0
1802,3,0,0,0,0,0,0
520,1,0,0,0,0,0,0
8275,1,0,0,0,0,0,0
9750,5,0,0,0,0,0,0
2607,6,0,0,0,0,0,0
7214,1,0,0,0,0,0,0
5835,3,0,0,0,0,0,0
3896,1,0,0,0,0,0,0
10350,1,0,0,0,0,0,0
7786,4,0,0,0,0,0,0
2861,1,0,0,0,0,0,0
663,1,0,0,0,0,0,0
10675,2,0,0,0,0,0,1
2521,1,0,0,1,0,0,1
9592,2,0,0,0,0,0,0
10151,1,0,0,0,0,0,0
7381,1,1,0,0,1,1,1
4099,1,0,0,0,0,0,0
9560,1,0,0,0,0,1,1
1150,1,0,0,0,0,1,0
10172,1,0,0,0,0,0,0
11191,1,0,0,0,0,0,0
9707,3,0,1,0,1,0,0
6245,2,0,0,0,0,0,0
8234,1,0,0,1,0,0,1
1411,1,0,0,0,0,0,0
8553,2,0,0,0,0,0,0
1826,1,0,0,0,0,0,1
8842,3,0,0,0,0,0,0
11030,1,0,0,1,0,0,0
2579,4,0,0,0,0,0,0
175,2,0,0,1,0,1,0
9185,3,0,0,0,0,0,1
11056,1,0,0,0,0,0,0
9365,5,0,0,0,0,0,0
6201,2,0,0,0,0,0,0
2061,1,0,0,0,1,0,0
6184,1,0,0,0,0,0,0
6142,1,0,0,0,0,0,0
4107,2,0,0,0,0,0,0
7274,1,0,0,0,1,0,0
9336,3,0,0,0,0,0,0
2958,3,0,0,0,0,0,0
933,1,0,0,0,0,0,0
5837,7,0,0,0,0,0,0
10704,2,0,0,0,0,0,0
5125,1,0,0,0,0,0,0
4432,2,0,0,0,0,0,0
5955,1,0,0,0,0,0,0
2928,2,0,0,0,0,0,0
5680,1,0,0,0,0,0,0
10313,6,0,0,0,0,0,0
2557,1,0,0,1,0,0,0
1245,4,0,0,0,1,0,0
1519,3,0,0,0,0,0,1
10703,4,0,0,0,0,0,0
1726,1,0,0,1,0,0,1
4459,1,0,0,0,0,0,0
1729,2,0,0,0,0,0,0
1517,1,0,0,0,0,0,0
2098,1,0,0,0,0,0,0
9543,1,0,0,0,0,0,0
6878,3,0,0,0,0,0,0
3310,7,0,0,0,0,0,0
2724,1,0,0,0,0,0,0
948,3,0,0,0,0,0,0
6720,3,0,0,0,1,0,1
6202,4,0,0,0,0,0,0
2066,1,0,0,0,0,0,0
9799,3,0,0,0,0,0,0
8318,0,0,0,0,0,1,0
5642,2,0,0,0,0,0,0
2669,1,0,0,0,0,0,0
455,1,0,0,0,0,0,0
7683,3,0,0,0,0,0,0
3428,1,0,0,0,0,0,0
7414,4,0,0,0,0,0,0
6354,2,0,0,0,0,0,1
798,1,0,0,0,0,0,0
8213,4,0,0,0,0,0,1
2488,4,0,0,0,0,0,0
9999,1,0,0,0,0,0,0
7617,5,0,0,0,0,0,0
615,1,0,0,0,0,0,0
2552,9,0,0,0,1,0,1
194,1,0,0,0,0,0,0
3645,3,0,0,0,0,0,1
8890,3,0,0,0,0,0,0
5049,1,0,0,0,0,0,0
9973,3,0,0,0,0,0,0
7301,2,0,0,0,0,0,1
10882,4,0,0,0,0,0,0
7030,3,1,0,0,0,0,0
7422,3,0,0,0,0,0,0
3523,2,0,0,0,0,0,0
7106,1,0,0,0,0,0,0
6504,3,0,0,1,0,0,0
5067,1,1,1,0,1,1,0
4216,1,1,0,0,0,1,1
8581,9,0,0,0,0,0,0
5929,2,0,0,0,0,0,0
3129,1,0,0,0,0,0,0
6528,1,0,0,0,0,0,0
1361,1,0,0,0,1,1,1
6932,0,0,0,0,0,1,0
7284,1,0,0,0,0,0,0
1340,1,1,0,0,1,1,0
8746,2,1,0,0,1,0,0
5987,2,0,0,0,0,0,0
3767,2,0,0,0,0,0,0
3725,1,1,1,0,1,1,1
4324,5,0,0,0,0,0,0
238,15,0,0,0,0,0,0
6694,1,0,0,0,0,0,0
498,2,0,0,0,0,0,0
9347,1,0,0,0,0,0,0
9699,3,0,0,0,0,0,0
10664,2,0,0,0,0,0,0
5455,3,0,0,0,0,0,0
456,2,0,0,0,0,0,0
5012,1,0,0,0,0,0,0
7495,2,0,0,0,0,0,0
5029,1,0,0,0,0,0,0
10642,1,0,0,0,0,0,0
2106,1,0,0,0,0,0,0
10364,1,0,0,0,0,0,0
5954,2,0,0,0,0,0,0
1137,1,1,0,1,0,0,0
2541,2,0,0,0,0,0,0
1142,2,0,0,0,0,0,0
2276,5,0,0,0,0,0,0
2807,3,0,0,0,0,0,0
6471,1,0,0,0,0,0,0
6131,2,0,0,0,0,0,0
6233,3,0,0,0,0,0,0
4148,7,0,0,0,0,0,0
4947,1,1,0,0,1,0,1
3225,4,0,0,1,0,0,1
7540,2,0,0,0,0,0,0
10648,1,0,0,0,0,0,0
1992,4,1,0,0,0,0,1
7851,1,0,0,0,0,0,0
8594,2,0,0,0,0,0,0
7059,1,0,0,1,0,0,0
2815,2,0,0,0,0,0,0
2416,1,0,0,0,0,0,0
7999,1,0,0,0,1,1,1
9213,1,0,0,0,0,0,0
9697,3,0,0,0,0,0,0
3916,3,0,0,0,0,0,0
2021,4,0,0,0,0,0,0
1581,1,0,0,0,0,0,1
564,7,0,0,0,1,0,1
6619,2,0,0,0,0,0,0
9081,1,0,0,0,0,0,0
178,4,0,0,0,0,0,0
916,2,0,0,0,0,0,0
5512,1,0,0,0,0,0,0
8970,4,0,0,0,0,0,0
10581,7,0,0,0,0,0,0
5300,1,0,0,0,0,0,0
5154,1,0,0,0,0,0,0
8346,2,0,0,1,0,0,1
1676,4,0,0,0,0,0,0
9286,1,0,0,0,0,0,0
2426,1,0,0,0,0,0,1
5172,2,0,0,0,0,0,0
5562,2,0,0,0,0,0,0
3436,1,0,0,0,0,0,0
3921,1,0,0,0,0,0,0
3403,2,0,0,0,0,0,0
22,2,0,0,0,0,0,0
10965,1,1,0,0,0,0,0
9426,4,0,0,0,0,0,0
6605,1,0,0,0,1,0,0
3136,3,0,0,0,0,0,0
8737,1,0,0,0,0,0,0
11088,1,0,0,0,0,0,0
716,3,0,0,0,0,0,0
466,1,0,0,0,0,0,0
9135,2,0,0,0,0,0,0
10623,1,0,0,0,0,0,0
8151,1,0,0,0,0,0,0
5140,2,0,0,0,0,0,0
10160,1,0,0,0,0,0,0
4945,2,0,0,0,0,0,0
10584,1,0,0,0,0,0,0
6071,1,0,0,0,0,0,0
3386,1,0,0,0,0,0,0
8939,6,0,0,0,0,0,0
9925,3,0,0,1,0,0,0
4320,1,0,0,0,0,0,0
5389,3,0,0,0,1,0,0
6036,1,0,0,0,0,1,0
182,4,0,0,0,0,0,0
203,1,0,0,0,0,0,0
11025,4,0,0,0,0,0,0
10203,1,0,0,0,0,0,0
4607,1,0,0,0,0,0,0
3711,1,1,0,0,0,1,0
3696,2,0,0,0,0,0,0
2532,1,0,0,1,0,0,0
9214,1,0,0,0,0,0,0
4943,1,0,0,0,1,1,0
35,3,0,0,0,0,0,1
2258,1,0,0,0,0,0,0
4322,1,0,0,0,0,0,0
713,1,0,0,0,0,0,0
4702,1,0,0,0,0,0,0
3281,6,0,0,0,0,0,0
702,4,0,0,0,0,0,0
2004,1,0,0,0,0,0,0
4769,7,0,0,0,1,0,0
4437,2,0,0,0,0,0,0
8724,2,0,0,0,0,0,0
10741,4,0,0,0,0,0,0
1991,1,0,0,0,0,0,0
6931,1,0,0,0,0,1,1
11096,2,0,0,0,0,0,0
304,3,0,0,0,0,0,0
3665,3,0,0,0,0,0,0
10591,2,0,0,0,0,0,0
5036,2,0,0,0,0,0,0
5547,1,0,0,0,1,1,1
7822,2,0,0,0,0,0,0
8541,2,0,0,0,0,0,0
10955,1,0,0,0,0,0,1
4368,1,0,0,0,0,0,0
9671,4,0,0,1,0,0,1
2256,2,0,0,0,0,0,0
4279,2,0,0,0,0,0,0
5371,2,0,0,1,0,0,1
9240,2,0,0,0,0,0,0
9460,1,0,0,0,0,0,0
9504,1,0,0,0,0,0,1
8692,6,0,0,0,0,0,0
448,2,0,0,0,0,0,0
8314,1,0,0,0,0,1,0
8420,2,0,0,0,0,0,0
3174,1,1,1,0,1,1,1
7685,1,0,0,0,0,0,0
3179,0,0,0,0,0,0,0
9780,2,0,0,0,0,0,0
10681,5,0,0,0,0,0,0
10232,3,0,0,0,0,0,0
4184,2,0,0,0,0,0,0
9120,4,0,0,0,0,0,0
891,1,0,0,0,0,0,0
10381,1,0,0,0,0,0,0
3525,1,0,0,0,0,0,0
6818,5,0,0,0,0,0,0
3526,2,0,0,0,0,0,0
8181,3,0,0,0,0,0,0
1029,1,0,0,0,0,0,0
7369,2,0,0,0,0,0,0
2574,3,1,1,0,1,0,1
8159,3,0,0,0,0,0,0
1160,4,0,0,0,0,0,0
10242,2,0,0,0,0,0,0
5253,6,0,0,0,0,0,0
5966,5,0,0,0,1,0,0
5314,7,0,0,0,0,0,0
5081,1,0,0,0,0,0,0
5123,1,0,0,0,0,0,0
5756,2,0,0,0,0,0,0
8036,4,0,0,0,0,0,0
9058,1,1,0,1,0,1,1
5057,2,0,0,0,0,0,0
254,3,0,0,0,1,0,0
4179,1,0,0,0,0,0,0
3710,2,0,0,0,0,0,1
7627,0,1,0,0,0,1,1
4501,1,0,0,0,0,0,0
6424,1,0,0,0,0,0,0
3075,1,0,0,0,0,0,0
4992,3,0,0,0,0,0,1
5252,1,0,0,0,0,0,0
7444,2,0,0,0,0,0,0
6919,3,0,0,0,0,0,0
3537,3,0,0,0,0,0,0
10277,1,0,0,0,0,0,0
2453,3,0,0,0,0,0,0
7972,1,0,0,0,0,0,0
895,3,0,0,0,0,0,0
1177,4,0,0,0,0,0,0
7141,4,0,0,0,0,0,1
7232,2,0,0,0,0,0,0
8477,1,0,0,0,0,0,0
2457,2,0,0,0,0,0,0
988,1,1,0,0,0,0,0
7930,2,0,0,0,0,0,0
4587,1,0,0,0,0,0,0
6682,1,0,0,0,0,0,0
6222,2,0,0,0,0,0,0
10299,3,0,0,0,0,0,1
3083,5,0,0,0,0,0,0
8953,2,0,0,0,0,0,0
1503,0,0,0,0,0,0,0
8650,1,0,0,0,0,0,0
10862,5,0,0,0,0,0,0
2782,3,0,0,0,0,0,0
6941,1,0,0,0,0,0,0
10972,1,0,0,0,1,1,0
10708,1,0,0,0,0,0,0
6583,1,1,0,0,0,0,0
3641,2,0,0,0,0,0,0
10156,1,0,0,0,0,0,0
4299,7,0,0,0,0,0,1
3469,3,0,0,0,0,0,0
5063,3,0,0,0,0,0,0
10727,2,0,0,0,0,0,0
9624,1,0,0,0,0,0,0
5156,5,0,0,0,0,0,0
4376,1,0,0,1,0,0,1
8923,1,0,0,0,0,0,1
8461,1,0,0,0,0,0,0
6945,1,0,0,0,0,0,0
944,1,0,0,0,0,0,0
1907,5,0,0,0,0,0,1
701,2,0,0,1,0,0,0
3856,4,0,0,0,0,0,0
4149,1,0,0,0,0,0,0
2131,4,0,0,0,0,0,0
2942,2,0,0,1,0,0,0
1173,1,0,0,0,1,1,1
4381,7,0,0,0,0,0,0
4611,0,1,0,0,0,1,1
3376,1,0,0,0,0,0,0
4679,3,0,0,0,0,0,0
10928,2,0,0,0,0,0,0
4248,0,0,0,0,1,0,0
6728,2,0,0,0,0,0,0
6661,5,0,0,0,0,0,0
4725,1,0,0,0,0,0,0
3277,2,0,0,0,0,0,0
5555,0,0,0,0,0,0,0
2564,2,0,0,0,0,0,0
946,2,0,0,0,0,0,0
3867,1,0,0,0,0,0,0
6940,4,0,0,1,0,0,0
55,4,0,0,0,0,0,0
7093,1,0,0,0,0,0,0
5084,1,0,0,0,0,0,0
1777,1,0,0,0,0,0,0
8162,1,0,0,0,0,0,0
10826,1,0,0,0,0,0,0
8754,1,0,0,0,0,0,0
1987,2,0,0,0,0,0,0
11007,1,0,0,0,0,0,0
7426,3,0,0,0,0,0,0
9153,3,0,0,0,0,0,0
10379,5,0,0,0,0,0,0
9204,4,0,0,0,0,0,0
3197,2,0,0,0,0,0,0
2920,2,0,0,0,0,0,0
6961,1,0,0,0,0,0,0
4673,3,1,0,0,0,0,1
9937,1,0,0,0,0,0,0
8779,4,0,0,1,0,0,1
9596,1,0,0,0,0,0,0
2891,2,0,0,0,0,0,0
4910,1,0,0,0,0,0,0
75,1,0,0,0,0,0,0
10120,2,0,0,0,0,0,0
6327,1,0,0,0,0,0,0
10142,2,0,0,0,0,0,0
9826,1,0,0,0,0,0,1
1501,15,0,0,0,0,0,0
10767,1,1,0,0,0,1,0
7279,1,0,0,0,0,0,0
7230,6,0,0,0,1,0,1
143,1,0,0,0,0,0,0
450,3,0,0,0,0,0,0
9316,1,0,0,0,0,0,0
6379,3,0,0,0,0,0,1
9239,1,0,0,0,0,0,0
8315,1,0,0,0,0,0,0
2868,3,0,0,0,0,0,1
10888,2,0,0,0,0,0,0
1277,1,1,0,0,0,0,0
9977,3,0,0,0,0,0,0
10196,2,0,0,0,0,0,0
6384,3,0,0,1,0,0,0
8029,1,1,0,0,1,1,1
968,3,0,0,0,0,0,0
6988,2,0,0,1,0,1,0
4472,1,0,0,0,0,0,0
6991,2,0,0,0,0,0,0
3336,3,0,0,1,0,0,0
4301,1,0,0,1,0,0,1
1940,1,0,0,0,0,0,0
1272,4,0,0,0,0,0,0
1388,2,0,0,0,0,0,0
1044,3,0,0,0,0,0,0
6969,3,0,0,0,0,0,0
10479,1,0,0,0,0,0,0
3619,1,0,0,0,0,1,1
1715,2,0,0,0,0,0,0
10159,6,0,0,0,0,0,0
1463,1,0,0,0,0,0,0
5114,2,0,0,0,0,0,0
4990,1,0,0,0,0,0,0
4329,2,0,0,0,0,0,0
10936,1,0,0,0,0,0,0
4692,5,0,0,1,0,0,1
7212,1,0,0,0,0,0,0
6086,1,1,0,0,0,0,0
437,1,0,0,0,0,0,0
11171,7,0,0,0,0,0,0
11101,1,0,0,0,0,1,0
5329,1,0,0,0,0,0,0
610,8,0,0,0,0,0,0
9384,7,0,0,0,0,0,0
5956,5,0,0,0,0,0,0
10430,3,1,0,0,1,1,0
7875,1,1,0,0,1,1,1
7072,2,0,0,0,0,0,0
6255,1,0,0,0,0,0,0
6516,1,0,0,0,0,0,0
5564,2,0,0,0,0,0,0
5682,4,0,0,0,0,0,0
7458,2,0,0,0,0,0,0
5237,3,0,0,0,0,0,0
7761,2,0,0,0,0,0,0
5278,1,1,0,0,0,0,0
3560,1,0,0,0,0,1,0
7235,3,0,0,0,0,0,0
10548,1,0,0,0,0,0,0
2281,1,0,0,1,0,0,0
4073,1,0,0,1,0,0,1
6974,1,0,0,0,0,0,0
7938,2,0,0,0,0,0,0
7094,1,0,0,0,0,0,0
3667,1,1,0,0,1,1,1
7723,1,0,0,0,0,0,0
3870,1,0,0,0,0,0,0
4012,5,0,0,0,0,0,1
5909,5,0,0,0,0,0,0
10470,2,0,0,0,0,0,0
6488,1,0,0,0,0,0,0
10270,2,0,0,0,0,0,0
6887,2,0,0,0,0,0,0
6406,1,0,0,0,0,0,0
7573,1,0,0,1,0,0,1
4508,1,0,0,0,0,0,0
221,3,0,0,0,0,0,0
5331,1,0,0,0,0,0,0
1911,1,0,0,0,0,0,0
20,1,0,0,0,0,0,0
8786,4,0,0,0,0,0,0
10582,2,0,0,0,0,0,0
1915,1,0,0,0,0,0,0
8897,8,0,0,0,0,0,1
2371,3,0,0,0,0,0,0
4303,0,0,0,0,0,0,0
6825,1,0,0,0,0,0,0
1072,2,0,0,0,0,0,0
4964,1,0,0,0,0,0,0
2461,2,0,0,0,0,0,0
10736,2,0,0,0,0,0,0
3194,1,0,0,0,0,0,0
10839,2,0,0,0,0,0,0
49,1,0,0,0,0,0,0
4290,1,0,0,0,0,0,0
10219,1,0,0,0,0,0,0
4211,2,0,0,0,0,0,0
1135,5,0,0,0,0,0,0
6299,6,0,0,1,0,0,1
10846,6,0,0,1,0,0,0
347,4,0,0,0,0,0,0
6543,1,0,0,0,0,0,0
10446,1,1,0,0,1,1,1
3479,1,0,0,1,0,0,0
11075,4,0,0,0,0,0,0
4442,2,0,0,0,0,0,0
199,1,0,0,0,1,0,0
6722,3,0,0,0,0,0,0
796,3,0,0,0,0,0,0
3749,1,0,0,0,0,0,0
8523,3,0,0,0,0,0,0
310,4,0,0,0,0,0,0
8629,1,0,0,0,0,0,0
236,3,0,0,0,0,0,0
9930,1,0,0,0,0,0,0
3483,3,1,1,0,1,0,1
4599,6,0,0,0,0,0,0
7326,1,0,0,0,0,0,0
7352,4,0,0,0,0,0,0
2350,7,0,0,0,1,0,0
9145,2,0,0,0,0,0,0
2964,1,0,0,0,0,0,0
5585,2,0,0,0,0,0,1
9687,1,0,0,0,0,0,0
3732,6,0,0,0,0,0,0
6303,0,0,0,0,0,0,0
11176,2,0,0,0,0,0,0
2986,1,0,0,0,0,0,0
7462,3,0,0,0,0,0,0
3900,1,0,0,0,0,0,0
7034,2,0,0,0,0,0,0
9493,1,1,0,0,0,1,1
1143,2,0,0,0,0,0,0
1,1,0,1,0,0,0,1
3855,1,0,0,0,0,0,0
5536,1,1,1,0,1,1,1
5989,1,0,0,0,0,0,0
9499,3,0,0,0,1,1,0
6768,2,0,0,0,0,0,0
2150,1,0,0,0,0,0,0
6646,1,0,0,0,0,0,0
4887,1,0,0,0,0,0,0
8560,1,0,0,0,0,0,0
3321,3,0,0,0,0,0,0
11003,2,0,0,0,0,0,0
10402,2,0,0,0,0,0,0
9904,5,0,0,0,0,0,0
6141,2,0,0,0,0,0,0
5687,1,0,0,0,0,0,0
10856,1,0,0,0,0,0,0
5121,2,0,0,1,0,0,0
4186,3,0,0,0,0,0,0
368,3,0,0,0,0,0,0
3312,4,0,0,0,0,0,0
11121,4,0,0,0,0,0,0
5332,1,0,0,0,0,0,0
5848,1,0,1,1,0,1,1
10343,2,0,0,0,0,0,0
5935,3,0,0,0,0,0,0
2895,2,0,0,0,0,0,0
10262,4,0,0,0,0,0,0
7848,2,0,0,0,0,0,0
9477,3,0,0,0,0,0,0
4856,1,1,0,1,0,0,0
7186,2,0,0,1,0,0,0
5794,3,1,0,0,1,0,1
1456,7,0,0,0,0,0,0
4877,1,0,0,0,0,0,0
425,3,0,0,0,0,0,0
3007,2,0,0,0,0,0,0
1031,1,0,0,0,0,1,0
4297,2,0,0,0,0,0,0
807,6,0,0,0,0,0,0
9553,1,0,0,0,0,0,0
4271,6,0,0,0,0,0,0
4120,2,0,0,0,0,0,0
2036,3,0,0,0,0,0,0
115,3,0,0,0,0,0,0
4259,1,0,0,0,0,0,0
8687,3,0,0,0,0,0,0
2447,2,0,0,0,0,0,0
10140,1,0,1,0,1,0,0
9353,2,0,0,0,1,0,0
3623,3,0,0,0,0,0,0
738,4,0,0,0,0,0,0
7631,1,0,0,0,0,0,0
4789,1,1,0,1,0,1,0
773,7,0,0,0,0,0,0
10602,2,0,0,0,0,0,0
1446,1,0,0,0,0,0,0
3270,4,0,0,0,0,0,0
8443,3,0,0,1,0,0,1
9653,2,0,0,0,0,0,0
8916,1,0,0,0,0,0,0
8017,2,0,0,0,0,0,0
5830,1,0,0,0,0,0,1
4597,1,0,0,0,0,0,0
7023,4,0,0,0,0,0,0
8086,2,0,0,0,0,0,0
8825,8,0,0,0,0,0,0
2930,2,0,0,0,0,0,0
1928,2,0,0,1,0,0,0
7108,6,0,0,0,0,0,0
10925,1,0,0,0,0,0,0
9960,1,0,0,0,0,0,0
8800,2,0,0,1,0,0,1
9224,2,0,0,0,0,0,0
5519,1,0,0,0,0,0,1
5046,2,0,0,0,0,0,0
7037,3,0,0,0,0,0,0
905,4,0,0,0,0,0,0
8624,1,0,0,0,0,0,0
8945,2,0,0,0,0,0,0
6445,1,0,0,0,0,0,0
2727,1,0,0,0,0,0,0
6404,5,0,0,0,0,0,0
11074,1,0,0,0,0,0,0
10150,0,1,0,0,0,0,1
1968,1,0,0,0,0,0,0
6534,1,0,0,0,0,0,0
9485,1,0,0,0,0,0,0
7053,1,0,0,0,0,0,0
4654,1,0,0,0,0,0,0
9760,6,0,0,0,0,0,1
1048,2,0,0,0,0,0,1
10619,1,0,0,0,0,1,1
9308,1,0,0,0,0,0,0
10505,1,0,0,0,0,0,0
8362,1,0,0,0,1,1,1
2625,2,0,0,0,0,0,0
4637,1,1,0,0,0,0,0
9972,1,0,1,1,0,0,0
4483,1,0,0,0,0,0,0
4487,1,0,0,0,0,0,1
4988,3,0,0,0,0,0,0
8931,1,1,0,0,0,0,0
5871,3,0,0,0,0,0,0
2008,1,1,0,0,0,0,0
3139,1,0,0,0,1,0,0
10037,1,0,0,0,0,0,0
10673,1,0,0,0,0,0,0
5303,1,0,0,0,0,0,0
538,1,0,0,0,0,0,0
7922,2,0,0,0,1,0,0
5692,1,0,0,0,0,0,0
4843,1,0,0,0,0,0,0
6383,2,0,0,0,0,0,0
1628,1,0,0,0,0,0,0
1204,3,1,0,0,0,0,0
3673,3,0,0,0,0,0,0
760,2,0,0,0,0,0,0
8957,8,0,0,0,0,0,0
4128,2,0,0,0,0,0,0
6810,1,0,0,0,0,1,1
5386,0,1,0,0,1,1,1
8700,3,0,0,0,0,0,0
3202,1,0,0,0,1,1,0
1328,3,0,0,0,0,0,0
8405,2,0,0,0,0,0,0
6515,1,0,0,0,0,0,0
2882,2,0,0,0,0,0,0
7574,1,0,0,0,0,0,0
6387,3,0,0,1,0,0,0
5320,4,0,0,0,0,0,1
5048,1,0,0,0,0,0,0
8146,1,0,0,0,0,0,0
10031,5,0,0,0,0,0,0
5748,3,0,0,0,0,0,1
2134,4,0,0,0,0,0,0
1523,2,0,0,0,0,0,0
9665,4,0,0,0,0,0,0
4640,2,0,0,0,0,0,0
3635,3,0,0,0,0,0,0
3547,2,0,0,0,0,0,1
2456,5,0,0,0,0,0,0
5633,7,0,0,0,0,0,0
7801,3,0,0,0,0,0,0
10489,1,1,0,0,0,1,1
7011,3,0,0,0,0,0,0
2620,1,0,0,0,0,0,1
3933,6,0,0,0,0,0,0
10981,1,0,0,0,0,0,0
1734,4,0,0,0,0,0,0
10995,3,0,0,0,0,0,0
6357,3,0,0,0,0,0,0
9209,1,0,0,0,0,0,0
10286,1,0,0,0,0,0,0
2611,1,0,0,0,0,1,0
1600,7,0,0,0,0,0,0
3308,3,0,0,0,0,0,0
5407,5,0,0,1,0,0,0
2166,1,0,0,0,0,0,0
3955,0,0,0,0,0,0,0
6634,1,0,0,0,0,0,0
3056,3,0,0,0,0,0,0
5718,1,1,0,0,0,1,1
6872,2,0,0,0,0,0,0
8164,1,0,0,0,0,0,0
4580,1,1,0,1,0,1,1
9305,1,0,0,0,0,0,0
453,2,0,0,0,0,0,0
8545,1,1,1,0,1,1,1
9850,1,0,0,0,0,0,0
7378,5,0,0,1,0,0,0
7646,4,0,0,0,0,0,0
1640,2,0,0,0,0,0,0
5184,1,0,0,0,0,0,0
8492,1,1,0,0,0,0,0
11188,3,0,0,0,0,0,0
1212,3,0,0,1,0,0,0
9097,4,0,0,0,0,0,0
10473,1,0,0,0,1,1,1
7962,1,1,0,0,0,1,1
9984,5,1,0,1,0,0,1
5527,2,0,0,0,0,0,0
6374,5,0,0,0,0,0,0
7453,6,0,0,1,0,0,1
8952,2,0,0,0,0,0,0
241,1,0,0,0,0,1,0
8975,4,0,0,1,0,0,0
6119,1,0,0,0,0,0,0
5236,1,1,0,0,1,1,0
5723,1,0,0,0,0,0,0
1710,7,0,0,0,0,0,0
1970,1,0,0,0,0,0,0
5313,3,0,0,0,0,0,0
10634,1,0,0,0,0,0,0
7010,1,0,0,0,0,1,0
8562,1,0,0,0,0,0,0
3158,1,0,0,0,0,0,0
4436,1,0,0,0,0,0,0
5287,3,0,0,0,0,0,0
2445,1,0,0,0,0,0,0
6059,7,0,0,0,0,0,1
4550,1,0,0,0,0,0,0
4240,2,0,0,0,0,0,0
8911,3,0,0,0,0,0,0
3706,1,0,0,1,0,0,1
3628,2,0,0,0,0,0,0
10175,1,0,0,0,0,0,0
8985,5,0,0,0,0,0,0
5204,1,0,0,0,0,1,1
9220,1,0,0,0,0,0,1
9888,1,0,0,0,0,0,0
5263,1,0,0,0,0,0,0
1020,1,0,0,0,0,1,0
9503,2,0,0,0,0,0,0
10613,4,0,0,0,0,0,0
67,3,0,0,0,0,0,0
6019,1,0,0,1,0,0,1
5863,4,0,0,0,0,0,0
3717,2,0,0,1,0,0,0
6730,3,0,0,0,0,0,0
10749,15,0,0,0,0,0,0
4998,1,1,0,0,0,0,0
6287,1,0,0,0,0,0,1
5985,3,0,0,0,0,0,0
4754,1,0,0,0,0,0,0
4002,1,0,0,0,0,0,0
8870,6,0,0,0,0,0,1
966,6,0,0,0,1,0,0
4767,1,0,0,0,0,1,0
9725,1,0,0,1,0,0,0
4475,1,0,0,0,0,0,0
5740,2,0,0,0,0,0,1
5731,1,0,0,0,0,0,0
7290,1,0,0,0,0,0,0
3846,4,0,0,0,0,0,0
8104,1,0,0,0,0,0,0
4507,1,0,0,0,0,0,0
11013,1,0,0,0,0,0,0
4491,11,0,0,0,1,0,0
3759,2,0,0,1,0,0,0
1162,2,0,0,0,0,0,1
2055,2,0,0,1,0,0,0
10766,1,0,0,0,0,0,0
4415,3,0,0,0,0,0,0
3005,1,1,0,1,0,0,1
2223,8,0,0,0,0,0,0
4817,1,0,0,0,0,0,0
2875,1,0,0,0,0,0,0
10536,2,0,0,0,0,0,0
11112,6,0,0,0,0,0,0
3807,3,0,0,0,0,0,0
9197,2,0,0,0,0,0,0
10832,1,0,0,0,0,0,0
6421,1,1,0,0,0,0,0
4207,1,0,0,1,0,1,0
577,2,0,0,0,0,0,0
10855,2,0,0,0,0,0,0
3081,1,0,0,0,0,0,0
3535,1,0,0,0,0,0,0
247,6,0,0,0,0,0,1
8707,1,0,0,0,0,0,1
9523,1,0,0,0,0,0,0
6072,1,1,0,0,0,0,1
6295,4,0,0,0,0,0,0
10914,2,0,0,0,0,0,0
1509,0,1,1,0,1,1,1
5577,1,0,0,0,0,0,0
7348,1,0,0,0,0,0,1
1127,1,0,0,0,0,1,0
1833,2,0,0,0,0,0,0
4944,1,0,0,0,0,0,0
9080,3,0,0,0,0,0,0
6466,3,0,0,0,0,0,0
9964,1,0,0,0,0,0,0
4790,1,0,0,0,0,0,0
10245,1,0,0,0,0,0,0
1109,1,0,0,0,0,0,0
6001,2,0,0,0,0,0,0
5538,0,1,0,1,0,1,1
10552,2,0,0,0,0,0,0
1545,6,0,0,0,0,0,0
7409,2,0,0,0,0,0,0
4444,1,0,0,0,0,0,0
146,1,1,0,0,0,0,0
6271,1,0,0,0,0,0,0
10065,2,0,0,0,0,0,0
4741,2,0,0,0,1,0,0
246,7,0,0,0,0,0,0
375,1,0,0,0,0,0,0
1524,1,1,0,0,0,0,1
10022,1,0,0,0,0,0,0
7451,0,0,0,0,1,0,0
11010,3,0,0,0,0,0,0
4356,3,0,0,0,1,1,0
3885,1,0,0,1,0,0,1
1175,1,0,0,1,0,0,1
880,1,0,0,0,0,0,0
2320,5,0,0,0,0,0,0
850,2,0,0,0,0,0,0
4713,2,0,0,0,0,0,0
675,5,0,0,0,0,0,0
5025,1,0,0,0,0,0,0
2308,2,0,0,0,0,0,0
5995,7,0,0,0,0,0,1
6749,4,0,0,0,0,0,0
1010,2,0,0,0,0,0,0
8977,1,0,0,0,0,0,0
4756,1,0,0,0,0,0,1
3412,4,0,0,0,1,0,0
606,1,0,0,0,0,0,0
5961,1,0,0,0,0,0,0
2975,2,1,0,0,0,0,0
2894,1,1,0,0,1,1,1
7613,2,0,0,0,0,0,0
10542,3,0,0,0,0,0,0
8015,1,0,0,0,0,0,1
10617,2,0,0,0,0,0,0
11166,2,0,0,0,0,0,0
849,4,0,0,0,0,0,0
523,1,0,0,0,0,0,0
4066,2,0,0,0,0,0,0
8414,2,0,0,0,0,0,0
819,1,0,0,0,0,0,0
4961,4,0,0,0,0,0,0
749,2,0,0,1,0,0,1
5430,12,0,0,0,0,0,0
7755,2,0,0,0,0,0,0
10525,1,0,0,1,0,0,1
1453,2,0,0,0,0,0,0
8310,3,0,0,0,0,0,0
10710,1,0,0,0,0,0,0
5031,1,0,0,0,0,1,1
2613,2,0,0,0,0,0,0
213,4,0,0,0,0,0,0
967,10,0,0,0,0,0,1
1077,1,0,0,0,0,0,0
7959,1,0,0,0,0,0,0
640,2,0,0,0,0,0,0
4252,1,0,0,0,0,0,0
8432,12,0,0,0,0,0,0
6218,1,0,0,0,1,0,0
6905,1,0,0,0,0,0,0
5922,2,0,0,0,0,0,0
3598,4,0,0,0,0,0,0
6116,1,0,0,0,0,0,0
6263,3,0,0,0,0,0,0
10486,1,0,0,0,0,0,0
2410,1,0,0,0,0,0,0
193,1,0,0,1,0,0,0
3363,1,0,0,0,0,0,0
8278,1,0,0,0,0,0,0
10660,3,0,0,0,1,0,0
8686,2,0,0,0,0,0,0
1604,3,0,0,0,0,0,0
5907,1,0,0,0,0,0,0
10669,2,0,0,0,0,0,0
2918,3,0,0,0,0,0,0
5735,1,0,0,0,0,1,0
359,3,0,0,0,0,0,0
8387,1,0,0,0,0,0,0
1829,3,0,0,0,1,0,1
3839,5,0,0,0,0,0,0
9392,1,0,0,0,0,0,0
2292,1,0,0,0,0,0,0
10466,2,0,0,0,0,0,0
9855,1,1,0,0,0,0,0
4088,2,0,0,0,0,0,0
5231,1,0,0,0,0,0,0
590,1,0,0,0,0,0,1
8732,4,0,0,0,1,1,1
2315,1,0,0,0,0,0,0
3515,1,0,0,0,0,0,0
2245,3,0,0,0,0,0,0
6283,1,0,0,0,0,0,0
2246,1,0,0,0,0,0,0
6606,2,0,0,0,1,0,0
5545,1,0,0,0,0,0,0
7342,3,0,0,0,0,0,0
837,4,0,0,0,0,0,0
9500,3,0,0,0,0,0,0
3602,2,0,0,0,0,0,0
234,2,0,0,1,0,0,1
2995,1,0,0,0,0,0,0
1118,3,0,0,1,0,0,0
7789,1,0,0,0,0,1,0
3068,1,0,0,0,0,0,0
8955,1,0,0,1,0,0,0
945,2,0,0,0,0,0,0
5644,2,0,0,0,1,0,0
7192,2,0,0,0,0,0,0
2324,2,0,0,1,0,0,0
697,1,0,0,0,0,1,0
3439,5,0,0,0,0,0,0
1506,4,0,0,0,0,0,1
232,1,0,0,0,0,0,0
8876,5,0,0,0,0,0,0
4500,1,0,0,0,0,0,0
9739,2,0,0,0,0,0,0
10395,3,0,0,0,0,0,0
1176,1,0,0,0,0,0,0
1627,1,1,0,0,0,0,0
938,2,0,0,1,0,0,0
2740,4,0,0,0,0,0,0
257,2,0,0,0,0,0,0
4058,1,0,0,0,1,0,0
7736,2,0,0,1,0,0,1
8210,5,0,0,0,0,0,0
833,3,0,0,0,0,0,0
6230,5,0,0,0,0,0,0
7325,1,0,0,0,0,0,0
1307,3,0,0,0,0,0,0
1502,2,0,0,0,0,0,0
6211,1,0,0,0,0,0,0
843,4,0,0,0,0,0,0
4174,1,0,0,0,0,0,0
9757,1,0,1,0,1,1,0
6918,1,0,0,0,0,0,0
286,4,0,0,0,0,0,0
11086,1,0,0,0,0,0,0
1921,2,0,0,0,0,0,0
4138,1,0,0,1,0,0,0
7718,1,0,0,0,0,0,0
1291,4,0,0,0,0,0,0
6862,15,0,0,0,0,0,0
4136,4,0,0,0,0,0,0
803,1,0,0,0,0,0,0
4298,1,0,0,0,0,0,0
10833,3,0,0,0,1,0,0
9606,1,1,0,0,0,1,1
8534,4,0,0,0,1,0,0
5153,2,0,0,1,0,0,1
961,2,0,0,0,0,0,0
5011,2,0,0,0,0,0,0
6653,4,0,0,0,0,0,1
9094,2,0,0,0,0,0,1
810,2,0,0,0,0,0,0
5493,1,0,0,1,0,0,0
2147,1,1,0,0,0,1,0
5107,2,0,0,1,0,0,0
3979,1,0,0,0,0,1,1
6049,1,1,0,1,0,0,0
8147,3,0,0,0,0,0,0
1857,2,0,0,0,0,0,1
3910,0,1,0,1,0,1,1
5207,10,0,0,0,0,0,1
11114,3,0,0,0,0,0,0
5429,1,0,0,0,0,0,0
9400,1,0,0,0,0,0,0
1740,2,0,0,0,1,0,0
7488,3,0,0,0,0,0,0
195,4,0,0,1,0,0,1
635,8,0,0,0,0,0,0
7527,3,0,0,0,0,0,0
10319,4,0,0,0,1,0,0
2296,1,0,0,1,0,0,0
10637,2,0,0,0,0,0,0
2931,0,1,0,0,0,0,0
907,5,0,0,0,0,0,0
3698,1,0,0,0,0,1,1
9516,2,0,1,0,1,0,1
679,2,0,0,0,0,0,0
7384,2,0,0,0,0,0,0
5043,2,0,0,0,0,0,0
5267,1,0,0,0,0,0,0
339,2,0,0,0,1,0,1
2516,2,0,0,0,0,0,0
9010,1,1,0,1,0,1,1
378,2,0,0,0,0,0,0
4808,1,0,0,0,0,0,0
5068,1,0,0,0,0,0,0
7628,2,0,0,0,0,0,0
7128,1,0,0,0,0,0,0
2811,2,0,0,0,0,0,0
3551,2,0,0,0,0,0,0
1663,1,0,0,0,0,0,0
5543,5,0,0,0,1,0,0
1577,1,0,0,0,0,1,1
10641,4,0,0,0,0,0,0
5336,0,0,0,0,0,0,0
6024,0,1,0,0,1,1,1
1878,1,0,0,0,0,0,0
3099,5,0,0,0,0,0,0
6055,1,0,0,0,1,0,0
5841,5,0,0,0,0,0,0
3972,6,0,0,0,0,0,0
4394,1,0,0,0,1,1,0
5758,1,1,1,1,0,1,1
6658,7,0,0,0,0,0,0
4603,2,0,0,0,0,0,0
8427,1,0,0,0,0,0,0
10260,3,0,0,0,0,0,0
7143,5,0,0,0,0,0,0
8789,3,0,0,0,0,0,0
6197,3,0,0,0,0,0,0
4554,4,0,0,0,0,0,0
4937,1,0,0,0,0,0,0
1920,2,0,0,0,0,0,0
8749,1,0,0,0,0,0,0
1650,1,0,0,0,0,0,0
10377,3,0,0,0,0,0,0
9206,2,0,0,0,0,1,0
10971,4,0,0,1,0,0,1
6398,2,0,0,0,0,0,0
9212,6,0,0,0,0,0,0
7937,1,0,0,0,0,0,0
839,1,0,0,0,0,0,0
4246,0,0,0,0,0,0,0
158,1,0,0,1,0,0,1
4832,2,0,0,0,0,0,0
5621,5,0,0,0,0,0,1
1945,3,1,0,0,1,0,0
5147,1,0,0,0,0,0,0
2535,1,1,0,0,1,1,1
11039,2,0,0,0,0,0,0
9495,1,0,0,0,0,0,0
9635,1,0,0,0,0,0,0
2173,1,0,0,0,0,0,0
942,3,0,0,0,0,0,1
9386,1,0,0,0,1,0,0
5510,3,0,0,0,0,0,0
873,11,0,0,0,1,0,1
2253,1,0,0,0,0,0,0
5181,1,0,0,0,0,0,0
979,2,0,0,0,0,0,0
10390,1,0,0,0,0,0,0
4698,2,0,0,0,0,0,0
7793,3,0,0,0,1,0,0
1745,1,0,0,0,0,0,1
10590,1,0,0,0,0,0,0
5080,1,0,0,0,0,0,1
8369,1,0,0,0,0,0,0
5232,1,0,0,0,0,0,0
2407,1,0,0,0,0,1,1
3834,2,0,0,0,0,0,0
7912,2,0,0,1,0,0,0
7712,1,0,0,0,0,0,0
1065,1,0,0,0,0,0,0
7275,3,0,0,0,0,0,0
1343,6,0,0,0,0,0,0
1384,2,0,0,1,0,0,0
9967,8,0,0,0,0,0,0
6181,1,0,0,0,0,0,0
10507,4,0,0,0,1,0,0
2674,1,0,0,0,0,0,1
2698,3,0,0,0,0,0,0
3231,1,0,0,0,0,0,0
4096,3,0,0,0,0,0,0
10476,1,0,0,0,0,0,0
5948,2,0,0,0,0,0,0
9140,2,0,0,0,0,0,0
10258,2,0,0,0,0,0,0
5675,6,0,0,0,1,0,0
4743,5,0,0,0,0,0,0
8805,4,0,0,0,0,0,0
1542,6,0,0,0,0,0,0
6770,2,0,0,1,0,0,1
8773,3,0,0,0,1,0,0
10475,2,0,0,0,0,0,0
10420,1,0,0,0,0,0,0
7514,4,0,0,0,0,0,0
2902,1,0,0,0,0,0,0
4345,1,0,0,0,0,0,0
793,1,0,0,0,0,0,0
10909,0,0,0,1,0,1,0
3769,1,0,0,0,0,0,0
8702,2,0,0,0,0,0,0
4791,1,0,0,0,0,0,0
2963,1,0,0,0,0,0,0
8216,6,0,0,0,0,0,0
8140,3,0,0,0,0,0,0
10146,1,0,0,0,0,0,0
5289,2,0,0,0,0,0,0
2587,2,0,0,0,0,0,0
4405,2,0,0,0,0,0,0
8663,1,0,0,0,0,0,0
2589,2,0,0,0,0,0,0
3421,1,0,0,0,0,0,0
10490,2,0,0,0,0,0,0
4094,4,0,0,0,0,0,0
9958,1,0,0,0,0,0,0
2534,2,0,0,0,0,0,0
4188,3,0,0,0,0,0,1
6613,6,0,0,0,0,0,0
10827,4,0,0,0,0,0,0
5491,4,0,0,0,0,0,0
8402,2,0,0,0,0,0,0
8783,3,0,0,0,0,0,0
10010,4,0,0,0,0,0,1
618,1,0,0,0,0,0,0
9121,2,1,0,0,1,1,1
361,1,0,0,0,0,0,0
4310,1,1,0,0,0,0,1
2678,3,0,0,0,0,0,0
6376,4,0,0,0,0,0,0
524,1,0,0,0,0,0,0
10341,1,0,0,0,0,0,0
5654,2,0,0,0,0,0,0
4098,3,0,0,0,0,0,0
5824,1,0,0,0,0,0,0
7000,1,0,0,0,0,0,0
2561,4,0,0,0,1,0,0
5229,1,0,0,0,0,0,0
4086,1,0,0,0,0,0,0
2428,3,0,0,0,0,0,0
8254,1,0,0,0,0,0,0
2836,1,0,0,0,0,0,0
8418,2,0,0,0,0,0,0
1362,1,0,0,0,0,0,0
7152,1,0,0,0,0,0,0
10033,1,0,0,0,0,0,0
9349,1,1,0,0,0,1,0
274,2,0,0,0,0,0,0
3388,5,0,0,0,0,0,0
922,2,0,0,1,0,0,0
8588,4,0,0,0,0,0,0
2518,1,0,0,0,0,0,0
574,1,0,0,0,0,0,0
3220,2,0,0,0,0,0,0
5967,3,0,0,0,0,0,0
1183,1,0,0,0,0,0,0
6856,3,0,0,0,0,0,1
4530,3,1,0,0,0,0,1
1553,1,1,0,0,1,0,0
4682,1,0,0,0,0,0,0
8204,1,0,0,0,0,0,0
5221,4,0,0,1,0,0,0
1232,1,0,0,0,0,0,0
1927,4,0,0,0,0,0,0
5788,3,0,0,0,0,0,0
6652,1,0,0,0,0,0,0
6246,1,0,0,0,0,0,1
5975,1,0,0,0,0,0,0
6875,2,0,0,0,0,0,0
4399,1,0,0,0,0,0,0
4042,3,0,0,0,0,0,1
2157,4,0,0,0,0,0,0
10133,0,1,0,0,1,1,1
2525,2,0,0,0,0,0,1
8233,4,0,0,0,1,0,0
9483,7,0,0,0,0,0,0
2945,1,0,1,1,0,0,0
10403,3,0,0,0,0,0,0
5074,1,0,0,0,0,0,0
10524,4,0,0,0,0,0,0
4690,4,0,0,0,0,0,0
7521,1,0,0,0,0,1,0
7196,1,0,0,0,0,0,0
4406,4,0,0,0,0,0,0
9672,3,0,0,0,0,0,0
4864,4,0,0,0,0,0,0
4706,1,0,0,0,0,0,0
4070,1,0,0,0,1,1,1
25,2,0,0,0,0,0,0
3697,2,0,0,0,0,0,0
217,1,0,0,0,0,0,0
4220,1,0,0,0,0,0,0
5286,1,0,0,0,0,0,0
9559,2,0,0,1,0,0,0
2849,7,0,0,0,0,0,0
7787,3,0,0,0,0,0,0
3102,1,0,0,0,0,0,0
5868,2,0,0,0,0,0,0
8370,2,0,0,0,0,0,0
9988,3,0,0,0,0,0,0
2939,1,0,0,0,0,0,0
5529,7,1,0,0,0,0,0
9743,2,0,0,0,0,1,0
5763,5,0,0,0,0,0,0
3478,10,0,0,0,0,0,1
7494,4,0,0,0,0,0,0
1763,1,1,0,1,0,1,1
7250,7,0,0,0,0,0,0
2005,2,0,0,0,0,0,0
10770,2,0,0,0,0,0,0
6885,1,0,0,0,0,0,0
2072,6,0,0,1,0,0,1
9463,4,0,0,0,0,0,0
6318,1,0,0,0,0,0,0
4093,7,0,0,0,0,0,0
5751,1,0,0,0,0,0,0
3340,6,0,0,0,0,0,1
3594,13,0,0,0,0,0,0
3584,2,0,0,1,0,0,1
3643,1,0,0,0,0,1,0
851,9,0,0,0,0,0,0
7706,6,0,0,1,0,0,0
3967,1,0,0,0,0,0,0
10128,5,0,0,0,0,0,0
486,1,0,0,0,0,0,0
9,4,0,0,0,0,0,0
9451,3,0,0,0,0,0,0
9264,1,0,0,0,0,0,0
3865,1,0,0,0,0,0,1
2853,2,0,0,0,0,0,0
1490,5,0,0,0,0,0,0
6310,1,0,0,0,0,0,0
10380,1,0,0,0,0,0,0
3887,2,0,0,0,0,0,1
4278,1,0,0,0,0,0,1
8643,1,0,0,0,0,0,0
1998,1,0,0,0,0,0,0
10795,2,0,0,0,0,0,0
11110,0,0,0,0,0,0,0
2408,12,0,0,0,0,0,0
202,0,0,0,0,0,0,0
7998,3,0,0,0,0,0,0
830,1,1,0,0,0,1,1
3536,2,0,0,0,0,0,0
6050,4,0,0,1,0,0,0
125,6,0,0,0,1,0,0
3463,4,0,0,0,0,0,0
2804,4,0,0,0,0,0,1
3745,2,0,0,0,0,0,0
9771,6,0,0,0,0,0,0
451,1,0,0,0,0,0,0
10530,1,0,0,0,0,0,1
1079,3,0,0,0,1,0,0
8920,3,0,0,0,0,0,0
6678,2,0,0,0,0,0,0
3852,4,0,0,0,0,0,0
528,1,0,0,0,0,0,0
73,1,0,0,0,0,0,0
5589,3,0,0,0,0,0,0
10212,1,0,0,0,0,0,0
6365,1,0,0,0,0,0,0
5636,1,0,0,0,0,0,1
591,2,0,0,0,0,0,0
2217,1,0,0,0,0,0,0
2544,1,0,0,0,0,0,0
7725,1,0,0,0,0,0,0
8091,1,0,0,0,0,0,0
7321,1,1,0,0,0,0,0
5462,5,0,0,0,0,0,0
7791,2,0,0,0,0,0,0
955,7,0,0,1,0,0,1
4037,1,0,0,0,0,0,0
6642,4,0,0,0,0,0,0
2793,3,0,0,0,0,0,0
5424,2,0,0,0,0,0,0
879,6,0,0,0,0,0,0
9530,1,0,0,0,0,0,0
4828,1,0,0,0,0,0,0
10699,2,0,0,0,0,0,0
1497,2,0,0,0,0,0,0
7476,4,0,0,0,1,0,0
4390,2,0,0,0,0,0,0
10478,5,0,0,0,0,0,1
1081,11,0,0,0,0,0,0
4261,1,1,0,0,0,1,1
9916,3,0,0,0,0,0,0
5350,1,0,0,0,0,1,1
8135,1,0,0,0,0,0,0
8685,6,0,0,0,0,0,1
4967,4,0,0,0,0,0,0
2130,1,0,0,0,0,0,1
9298,1,0,0,0,1,1,0
8175,1,0,0,0,0,0,0
6257,1,0,0,0,0,0,0
3790,1,0,0,0,0,0,0
9952,1,0,0,0,0,0,0
3503,1,0,0,0,0,0,0
5223,2,0,0,0,0,0,0
4608,1,0,0,0,0,0,1
1626,2,0,0,1,0,0,1
4764,4,0,0,0,0,0,1
2471,1,0,0,0,0,0,0
5892,7,0,0,0,0,0,0
2612,1,1,0,0,0,0,0
4971,2,0,0,0,0,0,0
5185,1,0,0,0,0,0,0
10069,1,0,0,1,0,0,0
2262,3,0,0,0,0,0,0
1131,1,0,0,0,0,0,0
1041,5,0,0,0,0,0,1
24,5,0,0,0,0,0,0
3409,3,0,0,1,0,0,0
7022,1,0,0,0,0,0,0
7943,1,0,0,0,0,0,0
5272,4,0,0,0,0,0,0
5453,1,1,0,0,0,0,0
2565,1,0,0,0,1,0,0
800,2,0,0,0,0,0,0
11092,2,0,0,0,0,0,0
5062,1,0,0,0,0,0,0
8969,4,0,0,0,0,0,0
4656,5,0,0,1,0,0,0
4480,5,0,0,0,0,0,0
9971,1,0,0,0,0,0,0
6729,1,0,0,0,0,0,0
1773,1,0,0,0,0,0,0
9242,1,0,0,1,0,0,1
1764,4,0,0,0,0,0,0
6215,2,0,0,0,0,0,1
10099,3,0,0,0,0,0,0
5423,1,0,0,0,0,0,0
940,2,0,0,0,0,0,0
3011,1,0,0,0,0,0,0
3298,7,0,0,0,0,0,0
8286,1,0,0,0,1,0,0
9668,3,0,0,0,0,0,0
5120,1,0,0,0,0,0,0
6097,9,0,0,0,0,0,0
7019,4,0,0,0,0,0,0
7408,2,0,0,0,0,0,0
8041,6,0,0,0,0,0,0
252,1,0,0,0,0,0,0
9986,3,0,0,0,0,0,1
3276,1,0,0,0,0,0,0
3859,1,0,0,0,0,0,0
3570,3,0,0,0,0,0,0
3783,2,0,0,0,0,0,0
10207,1,0,0,0,0,0,0
10906,2,0,0,0,0,0,0
3427,6,0,0,0,0,0,0
5209,2,0,0,0,0,0,0
10711,1,0,0,0,0,0,0
10785,2,0,0,0,0,0,0
2814,1,0,0,0,0,0,0
6866,1,0,0,0,0,0,0
1665,5,0,1,1,0,1,1
6575,8,0,0,0,0,0,0
3829,1,0,0,0,0,0,0
3091,1,0,0,0,0,0,0
10141,1,0,0,0,0,0,0
5177,2,0,0,0,0,0,0
7005,1,0,0,0,1,0,0
6409,1,0,0,0,0,0,1
7485,3,0,0,0,0,0,0
8079,3,0,0,0,0,0,0
8395,1,0,0,0,0,0,1
10352,3,0,0,0,0,0,1
4931,0,0,0,0,0,0,0
13,2,0,0,0,0,0,0
1834,1,0,0,0,0,0,0
2285,3,0,0,0,0,0,0
2295,1,0,0,0,0,0,0
1378,6,0,0,0,0,0,0
2781,1,1,0,0,0,1,1
1165,9,0,0,0,0,0,0
1404,4,0,0,0,0,0,0
6457,2,0,0,0,0,0,0
2639,3,0,0,0,0,0,0
8299,1,0,0,0,0,0,0
6437,1,0,0,0,0,0,0
6912,1,0,0,0,0,0,0
7327,3,0,0,0,0,0,0
5299,2,0,0,0,0,0,0
4127,2,0,0,1,0,0,1
8143,2,1,0,0,1,0,1
1964,1,0,0,0,0,0,0
3690,1,0,0,0,0,1,1
3433,1,1,0,0,0,0,0
3389,4,0,0,0,0,0,0
4712,1,0,0,0,0,0,0
1170,4,0,0,0,0,0,0
6347,1,0,0,0,0,0,0
4065,2,0,0,0,0,0,0
8230,1,0,0,0,0,0,0
1215,1,1,0,0,0,0,0
5939,4,0,0,0,0,0,0
2156,4,0,0,0,0,0,0
7788,1,0,0,0,0,0,0
10323,2,0,0,0,0,0,0
7947,1,0,0,0,0,0,0
1891,1,0,0,0,0,0,1
2570,4,0,1,0,1,0,1
9256,4,0,0,0,0,0,0
295,1,0,0,0,0,0,0
7397,3,0,0,0,0,0,0
6349,1,0,0,0,0,0,0
10790,1,0,0,0,0,0,0
10398,1,0,0,0,0,0,0
2431,1,0,0,0,0,0,0
550,2,0,0,0,0,0,0
1890,1,0,0,0,0,0,0
10742,0,0,0,0,0,1,0
10356,1,0,0,0,0,0,0
4676,2,0,0,0,0,0,0
8852,5,0,0,0,0,0,0
3565,3,0,0,0,0,0,0
5294,3,0,0,0,0,0,0
1958,6,0,0,0,0,0,0
7349,4,0,0,0,0,0,1
8799,3,0,0,0,0,0,0
1351,4,0,0,0,0,1,0
1045,2,0,0,0,0,0,0
7732,1,0,0,0,0,0,0
8070,1,0,0,0,0,0,0
477,1,1,1,1,0,1,1
7832,1,1,0,1,0,1,1
2202,1,0,0,0,0,0,0
7396,1,0,0,0,0,1,0
4055,2,0,0,0,0,0,0
10340,6,0,0,0,0,0,0
10091,2,0,0,0,0,0,0
7629,2,0,0,0,0,0,0
10640,5,0,0,0,0,0,0
3498,4,0,0,1,0,0,1
6742,1,0,0,0,0,0,0
1172,1,1,0,0,1,1,1
569,1,1,0,0,1,1,1
4686,0,0,0,0,0,1,0
1381,5,0,0,0,0,0,1
2634,3,0,0,0,0,0,1
10905,5,0,0,0,0,0,1
1744,1,0,0,0,0,0,0
1000,4,0,0,0,0,0,0
3828,2,0,0,0,0,0,0
8605,2,0,0,0,0,0,0
10304,1,0,0,0,0,0,0
4351,1,0,0,1,0,0,0
10129,1,0,0,0,0,1,0
2499,1,0,0,0,0,0,0
10092,4,0,0,0,0,0,0
7500,2,0,0,0,0,0,0
5796,1,0,0,0,0,1,0
10556,4,1,0,0,0,0,0
1064,1,0,0,0,0,0,0
48,2,0,0,0,1,0,0
7610,5,0,0,0,0,0,0
263,1,0,0,0,0,0,1
10814,1,0,0,0,0,0,1
9710,2,0,0,0,0,0,0
9292,1,0,0,0,0,0,0
10250,1,0,0,0,0,0,0
7881,1,0,0,0,0,0,0
5847,3,0,0,0,0,0,0
737,2,1,0,0,1,1,0
3571,3,0,0,0,1,0,1
7807,5,0,0,0,0,0,0
3878,1,0,0,0,0,0,0
5092,4,0,0,0,1,0,1
2154,3,0,0,0,0,0,0
5394,4,0,0,0,0,0,0
3798,3,0,0,0,0,0,0
3524,2,0,0,0,0,0,1
5247,2,0,0,0,0,0,0
5883,3,0,0,0,0,0,0
2118,3,0,0,0,0,0,0
8812,2,0,0,0,0,0,0
6616,2,0,0,0,0,0,0
2797,1,0,0,0,0,0,0
4328,2,0,0,0,0,0,0
9167,3,0,0,0,0,0,0
10560,1,0,0,0,0,0,0
2631,1,0,0,0,0,0,0
8312,1,0,0,0,0,0,0
5534,2,0,0,1,0,0,0
5093,3,0,0,0,0,0,1
7592,1,0,0,0,0,0,0
8895,1,0,0,0,0,0,0
8584,1,0,0,0,0,0,0
2694,1,0,0,0,0,0,0
8910,5,0,0,0,0,0,1
7433,4,0,0,0,0,0,0
164,2,0,0,0,0,0,0
10477,1,0,0,0,0,0,0
2681,1,0,0,0,0,0,0
5150,2,0,0,0,0,0,0
5283,3,0,0,0,0,0,0
9645,1,0,0,0,0,0,0
10678,2,0,0,0,0,0,0
7261,5,0,0,0,0,0,1
9648,4,0,0,0,0,0,0
2870,5,0,0,0,0,0,0
8008,1,0,0,0,0,0,0
1513,13,0,0,0,0,0,0
6173,1,0,0,0,0,0,0
1419,3,0,0,0,0,0,0
9150,2,0,0,0,0,0,0
7960,1,0,0,0,0,1,0
1250,1,0,0,0,0,0,0
9905,5,0,0,1,0,0,0
10691,1,0,0,0,0,0,0
7002,1,0,0,0,0,0,0
2952,2,0,0,0,0,0,0
8439,2,1,0,0,0,0,0
762,1,0,0,0,0,0,0
2831,2,0,0,0,0,0,0
6977,1,0,0,0,0,1,0
6289,2,0,0,0,0,0,0
4168,9,0,0,0,0,0,1
8397,2,0,0,1,0,0,0
9284,5,0,0,0,0,0,0
6237,0,0,0,0,0,0,0
3130,4,0,0,0,0,0,0
1619,1,0,0,0,0,0,1
1990,1,0,0,1,0,0,0
5513,2,0,0,0,0,0,0
269,6,0,0,0,0,0,0
8093,1,1,0,0,0,0,0
10513,1,1,0,0,0,0,0
10177,3,0,0,0,0,0,0
2549,1,0,0,0,0,0,0
5782,2,0,0,0,1,0,0
10057,1,0,0,0,0,0,1
10307,3,0,0,0,0,0,0
8566,1,0,0,0,0,0,0
2415,3,1,0,0,0,0,0
5684,2,0,0,0,0,0,0
8334,3,0,0,0,0,0,0
9166,3,0,0,0,0,0,0
1440,2,0,0,0,0,0,0
78,1,0,0,0,0,0,0
5441,2,0,0,0,0,0,0
5302,1,0,0,0,0,0,1
4687,1,0,0,0,0,0,0
1087,3,0,0,0,0,0,1
6859,2,0,0,0,0,0,0
9860,3,0,0,0,0,0,0
7129,8,0,0,0,0,0,0
5866,3,0,0,0,0,0,0
10521,4,0,0,0,0,0,1
7393,3,0,0,0,0,0,0
7849,1,0,0,0,0,0,0
332,3,0,0,0,1,0,0
9847,2,0,0,0,0,0,0
531,11,0,0,0,0,0,1
9576,3,0,0,0,0,0,0
6906,1,1,0,0,1,1,1
7419,2,0,0,0,0,0,0
3170,1,0,0,0,0,0,0
8527,5,0,0,0,0,0,0
7872,1,1,0,1,0,1,1
9931,15,0,0,0,0,0,0
10595,1,0,0,0,0,0,0
4609,3,0,0,0,0,0,0
5010,2,0,0,0,0,0,0
4427,1,0,0,1,0,1,1
11148,1,0,0,0,0,0,0
1168,1,0,0,0,0,0,0
9595,1,0,0,0,0,0,1
10163,1,0,0,0,0,0,1
2886,4,1,0,0,1,0,0
6710,1,0,0,0,0,0,0
5316,1,0,0,0,0,0,0
9029,1,0,0,0,0,0,0
521,2,0,0,0,0,0,0
1459,1,0,0,0,0,0,0
10241,1,0,0,0,0,0,0
1630,1,0,0,0,0,0,0
3254,1,0,0,0,0,0,0
9064,1,0,0,0,0,1,1
3678,11,0,0,0,1,0,1
4227,3,0,0,0,0,0,0
9467,1,0,0,0,0,0,0
8486,4,0,0,0,0,0,0
2186,1,1,0,0,1,1,1
3286,2,0,0,0,0,0,0
8602,2,0,0,0,0,0,0
3722,2,0,0,0,0,0,0
6715,6,0,0,0,0,0,0
4796,1,0,0,0,0,0,0
9612,1,0,0,0,0,0,0
3766,3,0,0,0,0,0,1
1399,1,1,0,0,0,0,0
1570,2,0,0,0,0,0,0
3426,3,0,0,0,0,0,0
3074,1,0,0,0,0,0,1
8341,2,0,0,1,0,0,1
5180,2,0,0,0,0,0,0
6461,1,0,0,0,1,0,0
7679,1,0,0,0,0,0,0
10702,2,0,0,0,0,0,0
7505,1,0,0,0,0,0,0
5113,1,0,0,1,0,0,1
10858,4,0,0,0,0,0,0
2961,2,0,0,1,0,0,0
2747,1,0,0,0,0,0,0
3010,1,1,0,1,0,1,0
5790,2,0,0,0,0,0,0
6892,8,1,0,0,1,0,0
1743,1,0,0,0,0,0,0
3578,2,0,0,0,0,0,0
8462,1,0,0,1,0,0,0
5558,1,0,0,0,0,1,0
4619,0,0,0,0,0,0,0
8780,2,0,0,0,0,0,0
10789,2,0,0,0,0,0,0
10779,1,0,0,0,0,0,0
5896,1,0,0,0,0,0,0
2337,3,0,0,0,0,0,0
10951,2,0,0,0,1,0,0
544,1,0,0,0,0,0,0
17,4,0,0,0,0,0,0
10680,1,0,0,0,0,0,0
3265,1,0,0,0,0,0,0
5623,1,0,0,1,0,0,0
5832,0,0,0,0,0,0,0
5544,2,0,0,0,1,0,0
6417,1,0,0,0,0,0,0
5831,3,1,0,0,1,0,1
7101,6,0,0,0,0,0,0
10176,7,0,1,0,1,0,1
2326,1,0,0,0,0,0,0
4385,2,0,0,0,0,0,0
2929,1,0,0,0,0,0,0
10686,1,0,0,0,0,0,0
2546,1,0,0,0,0,0,0
3283,2,0,0,0,0,0,0
3138,0,1,1,0,1,1,1
4994,1,0,0,0,0,1,0
7966,3,0,0,0,0,0,0
3112,1,0,0,0,0,0,0
10872,3,0,1,0,1,0,0
2181,1,0,0,0,0,0,0
1867,1,0,0,0,0,0,1
1518,5,0,0,0,0,0,0
5734,1,0,0,0,0,0,0
2878,2,0,0,0,0,0,0
1458,3,0,0,0,0,0,0
7007,2,0,0,0,0,0,0
6200,2,0,0,0,0,0,0
1403,2,0,0,0,0,0,0
4827,5,0,0,0,0,0,1
6250,3,0,0,0,0,0,1
9291,1,0,0,0,0,0,0
2478,1,0,0,0,0,0,0
1139,1,1,0,1,0,1,1
5138,1,0,0,0,0,0,0
5393,1,0,0,0,0,0,0
10413,1,0,0,0,0,0,0
5015,2,0,0,0,0,0,0
10868,2,0,0,0,0,0,0
10676,2,0,0,0,0,0,1
2495,1,0,0,0,0,0,0
7842,3,0,0,0,0,0,0
9955,2,0,0,0,0,0,0
6663,1,0,0,0,0,0,0
2162,2,0,0,0,0,0,0
3434,1,0,0,0,0,0,0
7919,1,0,0,0,0,0,1
5626,1,0,0,0,0,0,0
6428,1,0,0,0,0,0,0
8514,1,0,0,0,0,0,0
10448,5,0,0,1,0,0,0
2109,1,0,0,0,0,1,1
7530,3,0,0,0,0,0,0
8925,3,0,0,0,0,0,0
3009,1,0,1,0,1,1,1
6355,3,0,0,0,0,0,0
3517,3,0,0,0,0,0,1
1158,1,0,0,0,0,0,0
6203,1,0,0,0,0,0,0
7165,2,0,0,0,0,0,0
3595,2,0,0,0,0,0,0
8537,1,1,0,0,0,0,1
4331,1,0,0,0,1,1,0
6281,2,0,0,1,0,0,0
4338,1,0,0,1,0,0,0
2452,5,0,0,0,0,0,1
9507,2,0,0,0,0,0,0
8360,3,0,0,0,0,0,0
10311,0,0,0,0,0,0,0
5117,2,0,0,0,0,0,0
4867,4,0,0,0,0,0,0
9289,1,0,0,0,0,0,1
10913,1,0,0,1,0,0,1
3032,3,0,0,0,0,0,0
8524,3,0,0,0,0,0,1
3334,0,1,0,0,0,1,0
4470,1,0,0,0,0,0,0
1406,8,0,0,0,0,0,0
8619,1,0,0,0,0,0,0
10821,6,0,0,0,0,0,0
4552,1,0,0,0,0,0,0
898,3,0,0,0,0,0,0
9797,2,0,0,0,0,0,0
10949,1,1,0,0,0,0,1
8212,2,0,0,0,0,0,0
6248,0,0,0,0,0,1,1
10164,1,0,0,0,1,1,0
4547,2,0,0,0,0,0,0
6815,0,1,0,1,0,1,1
4122,1,1,0,0,0,0,1
10841,3,0,0,0,0,0,0
5370,4,0,0,1,0,0,0
176,1,0,0,0,0,0,0
4860,1,0,0,0,0,0,0
10757,1,0,0,0,0,0,0
4023,3,0,0,0,0,0,1
6679,1,0,0,0,0,0,0
9923,3,0,0,0,0,0,0
7181,2,0,0,0,0,0,0
3599,3,0,0,0,0,0,0
405,4,0,0,1,0,0,0
6870,1,0,0,0,0,0,0
832,3,0,0,0,0,0,0
2002,1,0,0,0,0,0,0
3657,3,0,0,0,0,0,0
500,1,1,0,0,1,1,1
1951,6,0,0,0,0,0,0
3262,1,0,0,0,0,0,1
4102,1,0,0,0,0,0,0
7042,1,0,0,0,0,0,1
10598,3,0,0,0,0,0,0
255,2,0,0,0,0,0,0
2375,1,0,0,0,0,0,0
9829,3,0,0,0,0,0,0
6214,1,0,0,0,0,0,0
4954,6,0,0,0,0,0,0
7861,2,0,0,0,0,0,0
4837,2,0,0,0,0,0,0
9423,2,0,0,0,0,0,0
4198,1,0,0,0,0,0,0
153,1,0,0,0,0,0,0
9323,4,0,0,1,0,0,1
10001,4,0,0,0,0,0,0
3945,2,0,0,1,0,0,1
3799,3,0,0,0,0,0,0
8625,3,0,0,0,0,0,0
3491,4,0,0,0,0,0,0
983,1,0,0,1,0,0,0
9119,2,0,0,0,0,0,0
4786,4,0,0,0,0,0,0
5872,4,0,0,0,0,0,0
6568,1,0,0,0,0,0,0
5628,1,0,0,1,0,0,0
5631,1,0,0,0,0,0,0
4974,10,0,0,0,0,0,0
8416,2,0,0,0,0,0,0
5454,1,0,0,0,0,0,0
4095,8,0,0,0,0,0,0
5474,3,0,0,0,0,0,0
4268,1,0,0,0,0,0,0
10701,1,1,0,0,0,1,0
3507,2,0,0,0,0,0,1
2079,1,0,0,0,0,0,0
626,1,0,0,0,0,0,0
4426,6,1,0,0,0,0,0
2591,2,0,0,0,0,0,0
10509,2,0,0,0,0,0,0
6382,1,0,0,0,0,0,0
6673,1,0,0,0,0,0,0
7441,3,0,0,0,0,0,0
1071,3,0,0,0,0,0,0
10061,2,0,0,0,0,0,0
7187,7,0,0,0,0,0,0
8775,3,0,0,0,0,0,0
1612,2,0,0,0,0,0,0
2345,1,0,0,0,0,0,0
322,2,0,0,0,0,0,0
10897,5,0,0,0,0,0,0
123,2,0,0,0,0,0,0
6103,1,0,0,0,0,0,0
7899,2,0,0,0,0,0,0
10500,2,0,0,0,0,0,0
1655,1,0,0,0,0,0,0
2406,3,0,0,0,0,0,0
2712,1,0,0,0,0,0,0
5517,1,0,0,0,0,0,0
10643,2,0,0,0,0,0,1
2254,1,0,0,0,0,0,0
10281,2,0,0,0,0,0,1
6958,1,0,0,0,0,0,0
954,1,0,0,0,0,0,0
5079,4,0,0,0,0,0,0
10339,2,0,0,0,0,0,0
4643,2,0,0,0,0,0,0
3117,3,0,0,0,0,0,0
6497,4,0,0,0,0,0,0
5396,1,0,0,0,0,0,0
5250,1,0,0,0,0,1,1
1052,3,0,0,0,0,0,0
2802,1,0,0,0,0,0,0
6343,1,0,0,0,1,0,0
6507,2,0,0,0,0,0,0
7901,1,0,0,0,0,0,0
4865,7,0,0,0,0,0,1
2686,1,0,0,0,0,0,0
3107,1,0,0,0,0,0,0
7734,1,1,0,0,0,1,1
1146,4,0,0,1,0,0,1
11031,1,0,0,0,0,0,0
7428,1,0,0,0,0,0,0
975,5,0,0,0,0,0,0
1103,2,0,0,1,0,1,1
3422,1,0,1,0,1,0,0
1055,1,0,0,0,0,0,0
6544,3,0,0,0,0,0,0
1241,2,0,0,0,0,0,1
2909,2,0,0,0,1,1,0
5802,1,0,0,0,0,0,0
1407,2,0,0,0,0,0,0
6183,1,0,0,0,0,0,0
340,2,0,0,1,0,0,1
5991,3,0,0,0,0,0,0
3104,1,0,0,0,0,1,1
9729,6,0,0,0,0,0,0
1008,1,0,0,1,0,0,0
11091,2,0,0,0,0,0,0
3969,1,0,0,0,0,0,0
1916,5,0,0,0,0,0,0
9907,2,0,0,0,0,0,0
87,2,0,0,0,0,0,0
8659,2,0,0,0,0,0,0
6262,1,0,0,0,0,0,0
6147,1,0,0,0,0,0,0
8832,2,0,0,0,0,0,0
10067,1,0,0,0,0,0,0
7532,3,0,0,0,0,0,0
4915,4,0,0,0,0,0,0
2115,2,0,0,0,1,0,0
2088,1,0,1,0,1,1,0
2493,2,0,0,0,0,0,0
6292,1,0,0,0,0,1,1
1631,4,0,0,0,0,0,1
10104,1,0,0,0,0,0,0
3006,1,0,0,0,0,0,0
3919,1,1,0,0,0,0,1
11181,0,0,0,0,0,0,0
642,3,0,0,0,0,0,0
4369,3,0,0,0,0,0,0
10127,1,0,0,0,0,0,0
271,5,0,0,1,0,0,0
4973,1,0,0,0,0,0,0
2948,1,0,0,0,0,0,0
2715,4,0,0,0,0,0,1
10432,1,0,0,0,0,0,0
9216,2,0,0,0,0,0,0
7124,5,0,0,0,0,0,0
9727,1,0,0,0,0,0,0
5136,7,0,0,0,1,1,0
9790,1,0,0,0,0,1,1
1818,1,0,0,0,0,0,0
1100,4,0,0,0,0,0,0
7873,4,0,0,0,0,0,0
10609,2,0,0,0,0,0,0
6950,2,0,0,0,0,0,0
7233,2,1,0,0,0,0,0
9481,4,0,0,0,0,0,0
7699,5,0,0,1,0,0,0
2711,1,0,0,0,0,0,0
8933,2,0,0,0,0,0,0
8726,5,0,0,0,0,0,0
1515,1,0,0,0,0,0,0
5186,2,0,0,0,1,0,0
10157,1,0,0,0,0,0,0
5667,3,0,0,0,0,0,1
902,1,0,0,0,0,0,0
977,6,0,0,0,0,0,0
7313,1,1,0,0,0,0,0
7600,2,0,0,0,0,0,0
9706,2,0,0,0,0,0,0
2429,3,0,0,0,0,0,0
3520,0,1,1,1,0,1,1
10394,1,1,0,1,0,1,0
4548,1,0,0,0,0,0,0
9362,1,0,0,0,1,0,0
3968,1,0,1,0,1,1,1
4084,2,0,0,0,0,0,0
6721,3,0,0,0,0,0,0
2829,2,1,0,0,1,0,0
1772,1,1,0,0,0,1,1
1544,1,0,0,0,0,0,0
492,5,0,0,0,0,0,0
4377,2,0,0,1,0,0,0
4541,2,0,0,0,0,0,0
1321,3,0,0,0,0,0,0
8858,4,0,0,0,1,0,0
3266,1,0,0,0,0,0,0
11187,3,0,0,0,0,0,0
8207,1,0,0,0,0,0,0
9723,4,0,0,0,1,0,0
2666,1,0,0,0,1,0,0
5721,1,0,0,0,0,1,0
10652,3,0,0,0,0,0,0
1646,2,0,0,0,0,0,0
4418,1,0,0,0,0,0,1
2656,1,0,0,0,0,0,0
7990,1,0,0,0,0,0,0
8722,1,1,0,1,0,0,1
7118,2,0,0,1,0,0,1
2980,4,0,0,0,0,0,0
1839,1,0,0,0,0,0,0
10722,2,0,0,1,0,0,0
2632,7,0,0,1,0,0,1
9014,4,0,0,0,0,0,0
7620,2,0,0,0,0,0,0
10968,4,0,0,0,0,0,0
11133,5,0,0,0,0,0,1
2736,2,0,0,0,0,0,0
1876,1,0,0,0,0,0,0
5959,6,0,0,0,0,0,0
1092,4,0,0,0,0,0,0
4333,4,0,0,0,1,0,0
3850,1,0,0,0,0,0,0
6168,2,0,0,0,0,0,0
607,6,0,0,0,0,0,0
10469,1,0,0,0,0,0,0
6983,2,0,0,0,0,0,0
3661,1,0,0,0,0,0,0
9303,0,0,0,0,0,0,0
692,1,0,0,0,0,0,0
736,2,0,0,0,0,0,0
9589,0,0,0,0,0,0,0
4838,1,0,0,0,0,0,0
9246,4,0,0,0,0,0,0
6261,3,0,0,0,0,0,0
7366,1,0,0,0,1,1,1
10659,4,0,0,0,0,0,0
1448,3,0,0,0,0,0,0
4286,3,0,0,1,0,0,0
4749,6,0,0,0,0,0,0
4478,8,0,0,0,0,0,0
4201,5,0,0,0,0,0,0
8720,0,0,0,0,1,0,0
10084,2,0,0,0,0,0,0
7004,3,0,0,1,0,0,0
9817,2,0,0,0,0,0,0
8080,1,0,0,0,0,0,0
9432,4,0,0,0,0,0,0
8372,1,0,0,0,0,0,0
10870,2,0,0,0,0,0,0
4001,7,1,0,0,0,0,0
7270,1,0,0,0,1,0,0
8235,2,0,0,0,0,0,0
9405,3,0,0,0,0,0,1
